"year","state","month","number","date"
1999,"Santa Catarina","Dezembro",89,1999-01-01
2005,"Rio","Setembro",37,2005-01-01
2010,"Paraiba","Outubro",230,2010-01-01
2001,"Amazonas","Janeiro",3,2001-01-01
1998,"Alagoas","Abril",0,1998-01-01
2001,"Pernambuco","Dezembro",62,2001-01-01
2015,"Roraima","Dezembro",304,2015-01-01
1999,"Sao Paulo","Outubro",763,1999-01-01
2005,"Paraiba","Fevereiro",15,2005-01-01
2017,"Maranhao","Setembro",14.825,2017-01-01
2002,"Rio","Agosto",824,2002-01-01
2004,"Paraiba","Abril",3,2004-01-01
2010,"Mato Grosso","Outubro",597,2010-01-01
2000,"Goias","Junho",222,2000-01-01
2001,"Minas Gerais","Junho",166,2001-01-01
1999,"Par�","Dezembro",766,1999-01-01
2001,"Rio","Julho",6,2001-01-01
2009,"Acre","Mar�o",1,2009-01-01
2017,"Ceara","Outubro",949,2017-01-01
2003,"Paraiba","Abril",130,2003-01-01
2002,"Ceara","Fevereiro",75,2002-01-01
2015,"Rio","Abril",24,2015-01-01
2003,"Maranhao","Mar�o",16,2003-01-01
2004,"Bahia","Junho",289,2004-01-01
2003,"Acre","Julho",168,2003-01-01
2014,"Rio","Dezembro",31,2014-01-01
2012,"Acre","Julho",71,2012-01-01
2015,"Maranhao","Setembro",6.423,2015-01-01
2011,"Par�","Junho",105,2011-01-01
2007,"Rio","Junho",3,2007-01-01
2002,"Rondonia","Julho",539,2002-01-01
2014,"Bahia","Julho",249,2014-01-01
2016,"Santa Catarina","Novembro",156,2016-01-01
2002,"Paraiba","Junho",1,2002-01-01
2017,"Rio","Mar�o",10,2017-01-01
2001,"Par�","Fevereiro",16,2001-01-01
2012,"Amazonas","Julho",234,2012-01-01
2012,"Espirito Santo","Agosto",12,2012-01-01
2003,"Santa Catarina","Julho",43,2003-01-01
2012,"Rio","Novembro",69,2012-01-01
2012,"Amapa","Dezembro",422,2012-01-01
2009,"Sao Paulo","Dezembro",37,2009-01-01
2011,"Par�","Maio",16,2011-01-01
2001,"Sao Paulo","Setembro",425,2001-01-01
2003,"Acre","Janeiro",10,2003-01-01
2007,"Mato Grosso","Outubro",668,2007-01-01
2007,"Santa Catarina","Outubro",35,2007-01-01
2011,"Rio","Abril",0,2011-01-01
2012,"Santa Catarina","Setembro",188,2012-01-01
2013,"Paraiba","Novembro",95,2013-01-01
1999,"Pernambuco","Abril",2,1999-01-01
2007,"Roraima","Janeiro",194,2007-01-01
2013,"Amapa","Dezembro",148,2013-01-01
2003,"Acre","Setembro",3.942,2003-01-01
2008,"Bahia","Fevereiro",235,2008-01-01
2001,"Ceara","Agosto",219,2001-01-01
1998,"Mato Grosso","Julho",3.712,1998-01-01
2003,"Mato Grosso","Maio",74,2003-01-01
2014,"Amapa","Junho",0,2014-01-01
2001,"Espirito Santo","Abril",2,2001-01-01
2006,"Pernambuco","Maio",1,2006-01-01
2016,"Par�","Mar�o",81,2016-01-01
2004,"Mato Grosso","Abril",97,2004-01-01
2014,"Roraima","Agosto",12,2014-01-01
2013,"Paraiba","Mar�o",18,2013-01-01
2005,"Pernambuco","Janeiro",221,2005-01-01
2005,"Piau","Maio",22,2005-01-01
2005,"Sao Paulo","Maio",212,2005-01-01
2000,"Piau","Mar�o",14,2000-01-01
2017,"Tocantins","Abril",164,2017-01-01
2003,"Mato Grosso","Maio",942,2003-01-01
2005,"Minas Gerais","Novembro",422,2005-01-01
2001,"Amazonas","Setembro",166,2001-01-01
2001,"Minas Gerais","Dezembro",44,2001-01-01
2007,"Minas Gerais","Abril",35,2007-01-01
2010,"Espirito Santo","Fevereiro",15,2010-01-01
2000,"Bahia","Dezembro",24,2000-01-01
1999,"Mato Grosso","Julho",1.297,1999-01-01
1998,"Bahia","Junho",55,1998-01-01
2012,"Paraiba","Setembro",459,2012-01-01
2004,"Sao Paulo","Mar�o",73,2004-01-01
1998,"Goias","Abril",0,1998-01-01
2001,"Par�","Janeiro",34,2001-01-01
2015,"Sergipe","Julho",0,2015-01-01
2005,"Amapa","Mar�o",0,2005-01-01
2012,"Tocantins","Junho",922,2012-01-01
2016,"Alagoas","Julho",3,2016-01-01
2011,"Santa Catarina","Mar�o",8,2011-01-01
2010,"Mato Grosso","Abril",769,2010-01-01
2012,"Minas Gerais","Agosto",901,2012-01-01
1999,"Amapa","Agosto",0,1999-01-01
2007,"Rio","Mar�o",7,2007-01-01
2014,"Ceara","Fevereiro",18,2014-01-01
2003,"Amazonas","Julho",180,2003-01-01
2013,"Pernambuco","Setembro",143,2013-01-01
2001,"Par�","Setembro",6.139,2001-01-01
2013,"Piau","Setembro",2.311,2013-01-01
2005,"Maranhao","Junho",529,2005-01-01
2014,"Mato Grosso","Dezembro",466,2014-01-01
2000,"Rondonia","Junho",54,2000-01-01
2000,"Tocantins","Junho",278,2000-01-01
2007,"Amapa","Fevereiro",0,2007-01-01
2012,"Sao Paulo","Maio",82,2012-01-01
2006,"Bahia","Julho",229,2006-01-01
2010,"Amazonas","Maio",13,2010-01-01
2002,"Rio","Maio",4,2002-01-01
2009,"Piau","Janeiro",79,2009-01-01
2013,"Paraiba","Maio",85,2013-01-01
2015,"Santa Catarina","Dezembro",19,2015-01-01
2017,"Acre","Agosto",1.493,2017-01-01
2016,"Sergipe","Dezembro",36,2016-01-01
2001,"Distrito Federal","Dezembro",1,2001-01-01
1998,"Par�","Outubro",3.665,1998-01-01
2014,"Mato Grosso","Janeiro",315,2014-01-01
2004,"Goias","Fevereiro",11,2004-01-01
2013,"Acre","Mar�o",2,2013-01-01
2005,"Minas Gerais","Setembro",2.047,2005-01-01
2006,"Rio","Junho",7,2006-01-01
1998,"Paraiba","Outubro",61,1998-01-01
2004,"Paraiba","Junho",0,2004-01-01
2011,"Rondonia","Fevereiro",2,2011-01-01
2011,"Paraiba","Janeiro",11,2011-01-01
2003,"Bahia","Julho",261,2003-01-01
2014,"Santa Catarina","Setembro",208,2014-01-01
2014,"Rio","Fevereiro",116,2014-01-01
2007,"Espirito Santo","Setembro",63,2007-01-01
2000,"Paraiba","Junho",2,2000-01-01
2014,"Maranhao","Maio",148,2014-01-01
2010,"Roraima","Julho",1,2010-01-01
2005,"Rio","Junho",50,2005-01-01
2004,"Paraiba","Mar�o",3,2004-01-01
2010,"Amapa","Janeiro",2,2010-01-01
2000,"Rio","Junho",0,2000-01-01
2010,"Rondonia","Abril",19,2010-01-01
2001,"Sao Paulo","Outubro",444,2001-01-01
2008,"Distrito Federal","Fevereiro",0,2008-01-01
2005,"Paraiba","Agosto",800,2005-01-01
2006,"Rondonia","Janeiro",16,2006-01-01
2011,"Sergipe","Outubro",5,2011-01-01
2006,"Goias","Fevereiro",21,2006-01-01
2005,"Mato Grosso","Julho",859,2005-01-01
2013,"Espirito Santo","Outubro",37,2013-01-01
2011,"Par�","Abril",10,2011-01-01
2012,"Mato Grosso","Dezembro",194,2012-01-01
2000,"Amazonas","Agosto",180,2000-01-01
2001,"Minas Gerais","Abril",60,2001-01-01
2013,"Rio","Maio",16,2013-01-01
2001,"Distrito Federal","Mar�o",0,2001-01-01
2016,"Roraima","Maio",22,2016-01-01
1998,"Pernambuco","Julho",5,1998-01-01
2013,"Acre","Dezembro",3,2013-01-01
2005,"Sao Paulo","Abril",62,2005-01-01
2004,"Rio","Setembro",431,2004-01-01
2007,"Santa Catarina","Julho",12,2007-01-01
2006,"Acre","Abril",0,2006-01-01
2005,"Minas Gerais","Maio",134,2005-01-01
2000,"Sao Paulo","Agosto",915,2000-01-01
2015,"Acre","Agosto",1.397,2015-01-01
2009,"Par�","Maio",7,2009-01-01
1999,"Roraima","Setembro",3,1999-01-01
2017,"Amazonas","Novembro",552,2017-01-01
2010,"Espirito Santo","Agosto",39,2010-01-01
2000,"Rio","Novembro",9,2000-01-01
2007,"Amazonas","Julho",116,2007-01-01
2009,"Par�","Junho",38,2009-01-01
2002,"Santa Catarina","Dezembro",76,2002-01-01
1998,"Par�","Julho",638,1998-01-01
2005,"Rio","Junho",0,2005-01-01
2010,"Minas Gerais","Abril",112,2010-01-01
2012,"Alagoas","Dezembro",59,2012-01-01
2004,"Mato Grosso","Agosto",1.408,2004-01-01
2017,"Rio","Agosto",164,2017-01-01
2011,"Rondonia","Agosto",1.161,2011-01-01
2008,"Espirito Santo","Agosto",13,2008-01-01
2015,"Amapa","Novembro",1.3,2015-01-01
2014,"Par�","Abril",27,2014-01-01
2016,"Acre","Setembro",3.586,2016-01-01
2008,"Rio","Julho",0,2008-01-01
2010,"Rio","Fevereiro",23,2010-01-01
2008,"Ceara","Novembro",1.753,2008-01-01
2012,"Pernambuco","Abril",46,2012-01-01
2015,"Goias","Mar�o",76,2015-01-01
2015,"Par�","Dezembro",6.61,2015-01-01
2009,"Distrito Federal","Janeiro",1,2009-01-01
2009,"Rio","Junho",0,2009-01-01
2016,"Pernambuco","Novembro",191,2016-01-01
2003,"Goias","Maio",57,2003-01-01
2009,"Santa Catarina","Novembro",61,2009-01-01
2002,"Rondonia","Janeiro",6,2002-01-01
2012,"Minas Gerais","Maio",144,2012-01-01
2004,"Goias","Julho",778,2004-01-01
2006,"Paraiba","Dezembro",196,2006-01-01
2008,"Amazonas","Fevereiro",32,2008-01-01
2005,"Bahia","Mar�o",158,2005-01-01
2010,"Amazonas","Novembro",354,2010-01-01
2010,"Paraiba","Dezembro",65,2010-01-01
2000,"Maranhao","Outubro",2.654,2000-01-01
2000,"Sergipe","Julho",0,2000-01-01
2014,"Distrito Federal","Agosto",99,2014-01-01
2000,"Sergipe","Outubro",3,2000-01-01
2004,"Sergipe","Dezembro",66,2004-01-01
2008,"Rio","Novembro",14,2008-01-01
2009,"Bahia","Novembro",402,2009-01-01
2012,"Maranhao","Abril",97,2012-01-01
2009,"Amapa","Agosto",20,2009-01-01
2013,"Par�","Janeiro",167,2013-01-01
2008,"Rio","Agosto",56,2008-01-01
2007,"Par�","Dezembro",689,2007-01-01
2005,"Mato Grosso","Agosto",4.484,2005-01-01
2009,"Ceara","Janeiro",347,2009-01-01
2001,"Espirito Santo","Julho",12,2001-01-01
2016,"Espirito Santo","Junho",49,2016-01-01
2004,"Distrito Federal","Maio",9,2004-01-01
2000,"Roraima","Setembro",12,2000-01-01
2012,"Rio","Agosto",410,2012-01-01
2007,"Par�","Outubro",2.504,2007-01-01
2016,"Mato Grosso","Janeiro",127,2016-01-01
2010,"Santa Catarina","Julho",31,2010-01-01
2015,"Paraiba","Julho",137,2015-01-01
2005,"Pernambuco","Agosto",10,2005-01-01
2001,"Sergipe","Junho",0,2001-01-01
2014,"Tocantins","Novembro",451,2014-01-01
2014,"Santa Catarina","Agosto",459,2014-01-01
2002,"Mato Grosso","Janeiro",304,2002-01-01
1999,"Rio","Julho",14,1999-01-01
1999,"Amazonas","Junho",7,1999-01-01
2003,"Tocantins","Janeiro",35,2003-01-01
2001,"Sergipe","Maio",3,2001-01-01
2012,"Piau","Dezembro",334,2012-01-01
2012,"Par�","Junho",183,2012-01-01
2006,"Espirito Santo","Fevereiro",45,2006-01-01
2003,"Paraiba","Maio",0,2003-01-01
2012,"Rio","Julho",134,2012-01-01
2015,"Alagoas","Fevereiro",46,2015-01-01
2013,"Mato Grosso","Fevereiro",375,2013-01-01
2003,"Paraiba","Abril",0,2003-01-01
2007,"Roraima","Abril",58,2007-01-01
1998,"Amazonas","Abril",0,1998-01-01
2010,"Espirito Santo","Janeiro",52,2010-01-01
2003,"Acre","Outubro",740,2003-01-01
2012,"Amazonas","Junho",45,2012-01-01
2001,"Espirito Santo","Junho",9,2001-01-01
2013,"Acre","Fevereiro",0,2013-01-01
2001,"Santa Catarina","Outubro",26,2001-01-01
2002,"Goias","Julho",686,2002-01-01
2015,"Mato Grosso","Mar�o",705,2015-01-01
1999,"Alagoas","Mar�o",52,1999-01-01
2001,"Sergipe","Setembro",1,2001-01-01
2005,"Alagoas","Dezembro",16,2005-01-01
2016,"Rio","Janeiro",9,2016-01-01
2011,"Maranhao","Fevereiro",9,2011-01-01
2000,"Acre","Julho",1,2000-01-01
2010,"Rio","Dezembro",103,2010-01-01
2011,"Tocantins","Dezembro",105,2011-01-01
2012,"Goias","Mar�o",57,2012-01-01
2008,"Sergipe","Abril",2,2008-01-01
2008,"Mato Grosso","Fevereiro",78,2008-01-01
2009,"Maranhao","Agosto",1.766,2009-01-01
2003,"Rondonia","Agosto",7.06,2003-01-01
2004,"Paraiba","Agosto",1.237,2004-01-01
2010,"Rio","Agosto",267,2010-01-01
2001,"Mato Grosso","Janeiro",97,2001-01-01
2007,"Rondonia","Janeiro",33,2007-01-01
2008,"Acre","Maio",0,2008-01-01
2016,"Paraiba","Dezembro",45,2016-01-01
2013,"Goias","Abril",42,2013-01-01
1998,"Acre","Fevereiro",0,1998-01-01
2009,"Minas Gerais","Agosto",685,2009-01-01
2000,"Acre","Dezembro",0,2000-01-01
2003,"Maranhao","Abril",79,2003-01-01
2006,"Rio","Abril",59,2006-01-01
2004,"Par�","Maio",44,2004-01-01
2007,"Rio","Maio",2,2007-01-01
2008,"Tocantins","Fevereiro",6,2008-01-01
2010,"Pernambuco","Dezembro",117,2010-01-01
2010,"Pernambuco","Mar�o",59,2010-01-01
2005,"Mato Grosso","Novembro",1.368,2005-01-01
2015,"Rondonia","Setembro",6.129,2015-01-01
2014,"Rondonia","Novembro",202,2014-01-01
2004,"Paraiba","Outubro",666,2004-01-01
1998,"Sao Paulo","Mar�o",0,1998-01-01
2009,"Rio","Abril",1,2009-01-01
2016,"Rio","Janeiro",15,2016-01-01
2013,"Roraima","Maio",4,2013-01-01
2012,"Sao Paulo","Dezembro",64,2012-01-01
2001,"Pernambuco","Novembro",208,2001-01-01
2009,"Rio","Maio",177,2009-01-01
1998,"Rio","Agosto",9,1998-01-01
2000,"Rio","Dezembro",11,2000-01-01
2002,"Mato Grosso","Novembro",1.47,2002-01-01
2012,"Amazonas","Fevereiro",25,2012-01-01
2014,"Minas Gerais","Agosto",1.952,2014-01-01
2012,"Goias","Agosto",912,2012-01-01
2002,"Rio","Junho",13,2002-01-01
2008,"Rio","Junho",0,2008-01-01
2002,"Tocantins","Outubro",1.537,2002-01-01
2001,"Espirito Santo","Outubro",19,2001-01-01
2006,"Acre","Mar�o",0,2006-01-01
2014,"Mato Grosso","Fevereiro",199,2014-01-01
2007,"Paraiba","Julho",60,2007-01-01
1998,"Sao Paulo","Outubro",434,1998-01-01
2000,"Rio","Setembro",17,2000-01-01
2007,"Sao Paulo","Outubro",281,2007-01-01
2004,"Roraima","Outubro",53,2004-01-01
2010,"Maranhao","Fevereiro",93,2010-01-01
2000,"Rondonia","Novembro",13,2000-01-01
1998,"Mato Grosso","Janeiro",0,1998-01-01
2000,"Rio","Janeiro",1,2000-01-01
1998,"Paraiba","Junho",3,1998-01-01
2010,"Pernambuco","Maio",8,2010-01-01
2012,"Paraiba","Setembro",71,2012-01-01
2014,"Ceara","Outubro",517,2014-01-01
2004,"Rio","Junho",19,2004-01-01
2017,"Alagoas","Abril",7,2017-01-01
2002,"Rio","Dezembro",8,2002-01-01
2011,"Sergipe","Agosto",1,2011-01-01
2012,"Amapa","Maio",2,2012-01-01
2013,"Tocantins","Fevereiro",37,2013-01-01
2000,"Paraiba","Dezembro",34,2000-01-01
2016,"Distrito Federal","Junho",42,2016-01-01
2006,"Rio","Setembro",50,2006-01-01
2014,"Pernambuco","Janeiro",99,2014-01-01
2007,"Espirito Santo","Agosto",82,2007-01-01
2008,"Bahia","Setembro",4.837,2008-01-01
2001,"Tocantins","Dezembro",21,2001-01-01
2013,"Rio","Dezembro",12,2013-01-01
1999,"Sao Paulo","Julho",684,1999-01-01
2014,"Amapa","Outubro",480,2014-01-01
2001,"Mato Grosso","Fevereiro",89,2001-01-01
2009,"Par�","Dezembro",2.832,2009-01-01
2005,"Rondonia","Setembro",13.972,2005-01-01
2006,"Ceara","Agosto",50,2006-01-01
2007,"Goias","Agosto",2.382,2007-01-01
2008,"Rondonia","Julho",138,2008-01-01
2012,"Tocantins","Maio",467,2012-01-01
2002,"Sao Paulo","Agosto",719,2002-01-01
2006,"Sergipe","Julho",0,2006-01-01
2016,"Mato Grosso","Julho",3.495,2016-01-01
2017,"Acre","Novembro",98,2017-01-01
2001,"Sao Paulo","Junho",346,2001-01-01
1999,"Par�","Outubro",5.026,1999-01-01
1999,"Sao Paulo","Dezembro",47,1999-01-01
2013,"Amapa","Outubro",385,2013-01-01
2015,"Tocantins","Dezembro",373,2015-01-01
2009,"Ceara","Outubro",435,2009-01-01
2017,"Paraiba","Setembro",30,2017-01-01
2007,"Sao Paulo","Maio",69,2007-01-01
2005,"Goias","Agosto",639,2005-01-01
2002,"Minas Gerais","Abril",99,2002-01-01
2014,"Amazonas","Agosto",3.852,2014-01-01
1998,"Roraima","Novembro",1,1998-01-01
2000,"Goias","Setembro",1.293,2000-01-01
2008,"Par�","Julho",971,2008-01-01
2017,"Piau","Fevereiro",24,2017-01-01
2012,"Rio","Janeiro",12,2012-01-01
2005,"Maranhao","Mar�o",9,2005-01-01
2002,"Amapa","Novembro",1.096,2002-01-01
2016,"Minas Gerais","Junho",263,2016-01-01
2001,"Pernambuco","Mar�o",0,2001-01-01
2014,"Amazonas","Abril",25,2014-01-01
2016,"Amapa","Maio",1,2016-01-01
2004,"Rio","Janeiro",70,2004-01-01
2013,"Maranhao","Outubro",2.918,2013-01-01
2006,"Distrito Federal","Outubro",1,2006-01-01
2007,"Rio","Julho",7,2007-01-01
2007,"Alagoas","Janeiro",33,2007-01-01
2004,"Acre","Mar�o",0,2004-01-01
2001,"Rio","Junho",13,2001-01-01
2011,"Pernambuco","Maio",1,2011-01-01
2016,"Roraima","Novembro",71,2016-01-01
2005,"Rio","Outubro",116,2005-01-01
2010,"Rio","Agosto",316,2010-01-01
2005,"Rio","Maio",3,2005-01-01
2005,"Maranhao","Setembro",6.292,2005-01-01
2010,"Alagoas","Novembro",31,2010-01-01
2003,"Tocantins","Dezembro",109,2003-01-01
2001,"Par�","Mar�o",0,2001-01-01
2012,"Santa Catarina","Dezembro",32,2012-01-01
2015,"Paraiba","Janeiro",120,2015-01-01
2011,"Par�","Setembro",5.185,2011-01-01
2000,"Ceara","Maio",7,2000-01-01
2000,"Maranhao","Junho",94,2000-01-01
2007,"Alagoas","Dezembro",33,2007-01-01
2005,"Minas Gerais","Outubro",6.546,2005-01-01
2003,"Minas Gerais","Novembro",399,2003-01-01
2000,"Minas Gerais","Novembro",43,2000-01-01
2002,"Espirito Santo","Junho",18,2002-01-01
2010,"Mato Grosso","Fevereiro",157,2010-01-01
1999,"Sergipe","Julho",0,1999-01-01
1998,"Sergipe","Fevereiro",0,1998-01-01
2013,"Mato Grosso","Setembro",1.074,2013-01-01
2004,"Rondonia","Fevereiro",12,2004-01-01
2000,"Mato Grosso","Maio",127,2000-01-01
2011,"Bahia","Novembro",176,2011-01-01
2004,"Amapa","Agosto",9,2004-01-01
1999,"Piau","Mar�o",4,1999-01-01
2000,"Tocantins","Janeiro",15,2000-01-01
2012,"Espirito Santo","Dezembro",18,2012-01-01
2007,"Par�","Setembro",14.59,2007-01-01
2000,"Sao Paulo","Mar�o",26,2000-01-01
2002,"Piau","Mar�o",63,2002-01-01
2007,"Roraima","Novembro",112,2007-01-01
2015,"Espirito Santo","Setembro",228,2015-01-01
2009,"Bahia","Janeiro",177,2009-01-01
2008,"Piau","Janeiro",61,2008-01-01
2000,"Rondonia","Mar�o",9,2000-01-01
2007,"Espirito Santo","Junho",4,2007-01-01
1998,"Pernambuco","Mar�o",0,1998-01-01
1999,"Maranhao","Abril",4,1999-01-01
1998,"Pernambuco","Setembro",177,1998-01-01
2000,"Paraiba","Julho",98,2000-01-01
2002,"Alagoas","Fevereiro",15,2002-01-01
1999,"Pernambuco","Agosto",3,1999-01-01
2013,"Sao Paulo","Janeiro",36,2013-01-01
1999,"Mato Grosso","Agosto",18.566,1999-01-01
2015,"Sergipe","Mar�o",49,2015-01-01
2005,"Sao Paulo","Janeiro",26,2005-01-01
1999,"Rio","Dezembro",1.11,1999-01-01
2003,"Distrito Federal","Setembro",17,2003-01-01
2000,"Rio","Agosto",18,2000-01-01
2011,"Pernambuco","Janeiro",49,2011-01-01
1998,"Rio","Dezembro",19,1998-01-01
2007,"Rio","Setembro",573,2007-01-01
2015,"Sao Paulo","Outubro",213,2015-01-01
2008,"Espirito Santo","Janeiro",12,2008-01-01
2003,"Sao Paulo","Julho",171,2003-01-01
2002,"Goias","Janeiro",12,2002-01-01
2009,"Bahia","Outubro",2.552,2009-01-01
2004,"Tocantins","Abril",52,2004-01-01
1999,"Paraiba","Mar�o",1,1999-01-01
2003,"Alagoas","Maio",1,2003-01-01
2009,"Pernambuco","Julho",1,2009-01-01
2016,"Paraiba","Fevereiro",31,2016-01-01
2009,"Par�","Julho",397,2009-01-01
2009,"Rondonia","Mar�o",12,2009-01-01
2012,"Goias","Setembro",2.452,2012-01-01
2013,"Roraima","Outubro",63,2013-01-01
2009,"Rondonia","Dezembro",9,2009-01-01
2017,"Pernambuco","Mar�o",7,2017-01-01
1999,"Distrito Federal","Janeiro",0,1999-01-01
2014,"Maranhao","Julho",2.068,2014-01-01
2007,"Mato Grosso","Agosto",14.453,2007-01-01
2000,"Bahia","Julho",202,2000-01-01
2005,"Paraiba","Abril",2,2005-01-01
2007,"Bahia","Maio",161,2007-01-01
2012,"Rio","Fevereiro",39,2012-01-01
2016,"Ceara","Janeiro",100,2016-01-01
2006,"Alagoas","Abril",2,2006-01-01
2004,"Rio","Fevereiro",52,2004-01-01
2005,"Goias","Fevereiro",84,2005-01-01
2001,"Sao Paulo","Abril",61,2001-01-01
2017,"Amapa","Fevereiro",0,2017-01-01
2016,"Maranhao","Novembro",3.982,2016-01-01
1999,"Sao Paulo","Janeiro",7,1999-01-01
2001,"Rio","Julho",25,2001-01-01
2015,"Par�","Fevereiro",108,2015-01-01
2013,"Amapa","Agosto",9,2013-01-01
2010,"Pernambuco","Novembro",831,2010-01-01
2016,"Tocantins","Junho",1.148,2016-01-01
2016,"Amapa","Junho",2,2016-01-01
2000,"Tocantins","Julho",500,2000-01-01
2015,"Tocantins","Setembro",5.51,2015-01-01
2008,"Acre","Janeiro",0,2008-01-01
2012,"Goias","Novembro",57,2012-01-01
2008,"Sao Paulo","Janeiro",34,2008-01-01
2002,"Bahia","Janeiro",125,2002-01-01
2008,"Paraiba","Abril",62,2008-01-01
2004,"Sergipe","Fevereiro",10,2004-01-01
2003,"Paraiba","Janeiro",109,2003-01-01
2006,"Rio","Agosto",642,2006-01-01
1999,"Rondonia","Fevereiro",1,1999-01-01
1998,"Amazonas","Setembro",267,1998-01-01
2005,"Paraiba","Setembro",13,2005-01-01
1998,"Paraiba","Abril",0,1998-01-01
1998,"Santa Catarina","Junho",2,1998-01-01
2000,"Rio","Janeiro",126,2000-01-01
2014,"Rio","Setembro",224,2014-01-01
2017,"Mato Grosso","Junho",2.041,2017-01-01
2013,"Rondonia","Novembro",108,2013-01-01
2006,"Pernambuco","Agosto",8,2006-01-01
1999,"Maranhao","Fevereiro",6,1999-01-01
2007,"Paraiba","Setembro",22,2007-01-01
2016,"Goias","Mar�o",136,2016-01-01
2012,"Piau","Novembro",447,2012-01-01
2009,"Mato Grosso","Maio",927,2009-01-01
2009,"Mato Grosso","Abril",291,2009-01-01
2011,"Mato Grosso","Setembro",1.072,2011-01-01
2009,"Amazonas","Abril",1,2009-01-01
1999,"Ceara","Julho",83,1999-01-01
2014,"Sao Paulo","Abril",103,2014-01-01
2015,"Ceara","Janeiro",207,2015-01-01
1998,"Pernambuco","Outubro",372,1998-01-01
1998,"Amazonas","Julho",71,1998-01-01
2011,"Mato Grosso","Janeiro",171,2011-01-01
2008,"Mato Grosso","Novembro",190,2008-01-01
2009,"Bahia","Junho",92,2009-01-01
2008,"Ceara","Maio",0,2008-01-01
1999,"Sao Paulo","Abril",291,1999-01-01
2002,"Acre","Maio",0,2002-01-01
2000,"Bahia","Novembro",114,2000-01-01
2009,"Distrito Federal","Dezembro",0,2009-01-01
2000,"Par�","Abril",40,2000-01-01
2015,"Tocantins","Junho",1.15,2015-01-01
2003,"Paraiba","Janeiro",70,2003-01-01
1999,"Rio","Agosto",24,1999-01-01
2008,"Paraiba","Junho",0,2008-01-01
2015,"Rondonia","Agosto",3.762,2015-01-01
1998,"Acre","Agosto",130,1998-01-01
1998,"Tocantins","Julho",640,1998-01-01
2017,"Rio","Maio",2,2017-01-01
2014,"Rio","Fevereiro",8,2014-01-01
2014,"Rondonia","Dezembro",144,2014-01-01
2005,"Maranhao","Novembro",4.769,2005-01-01
2015,"Rio","Maio",169,2015-01-01
2009,"Mato Grosso","Outubro",854,2009-01-01
2015,"Rio","Junho",33,2015-01-01
2004,"Rio","Agosto",74,2004-01-01
1998,"Rio","Janeiro",0,1998-01-01
2015,"Minas Gerais","Agosto",1.059,2015-01-01
2010,"Rio","Setembro",50,2010-01-01
2010,"Rondonia","Outubro",1.307,2010-01-01
2000,"Maranhao","Julho",233,2000-01-01
2009,"Santa Catarina","Abril",57,2009-01-01
2001,"Pernambuco","Janeiro",7,2001-01-01
2016,"Par�","Novembro",7.879,2016-01-01
2004,"Mato Grosso","Mar�o",225,2004-01-01
2004,"Ceara","Mar�o",1,2004-01-01
2005,"Minas Gerais","Julho",467,2005-01-01
2006,"Paraiba","Julho",139,2006-01-01
2002,"Paraiba","Maio",65,2002-01-01
2015,"Par�","Mar�o",61,2015-01-01
2002,"Mato Grosso","Outubro",2.173,2002-01-01
2005,"Amapa","Fevereiro",1,2005-01-01
2003,"Alagoas","Junho",0,2003-01-01
1998,"Goias","Outubro",1.034,1998-01-01
2014,"Rondonia","Maio",28,2014-01-01
2011,"Sao Paulo","Abril",52,2011-01-01
1998,"Santa Catarina","Dezembro",26,1998-01-01
2010,"Pernambuco","Agosto",29,2010-01-01
2011,"Mato Grosso","Fevereiro",61,2011-01-01
2007,"Amazonas","Outubro",215,2007-01-01
1999,"Par�","Fevereiro",285,1999-01-01
2017,"Ceara","Fevereiro",9,2017-01-01
2017,"Mato Grosso","Janeiro",482,2017-01-01
2008,"Distrito Federal","Novembro",4,2008-01-01
2001,"Mato Grosso","Fevereiro",54,2001-01-01
1998,"Sergipe","Abril",0,1998-01-01
2011,"Rio","Maio",0,2011-01-01
2002,"Minas Gerais","Novembro",417,2002-01-01
2008,"Paraiba","Maio",0,2008-01-01
2000,"Mato Grosso","Agosto",530,2000-01-01
2004,"Alagoas","Abril",6,2004-01-01
2017,"Minas Gerais","Fevereiro",61,2017-01-01
2015,"Amazonas","Setembro",5.882,2015-01-01
2003,"Amazonas","Mar�o",64,2003-01-01
2000,"Sergipe","Janeiro",1,2000-01-01
1998,"Distrito Federal","Setembro",33,1998-01-01
2000,"Amazonas","Abril",18,2000-01-01
2008,"Pernambuco","Junho",0,2008-01-01
2010,"Paraiba","Janeiro",18,2010-01-01
2008,"Mato Grosso","Dezembro",159,2008-01-01
2012,"Bahia","Janeiro",179,2012-01-01
2014,"Ceara","Novembro",829,2014-01-01
2004,"Acre","Junho",5,2004-01-01
2001,"Sergipe","Fevereiro",2,2001-01-01
2007,"Rio","Abril",9,2007-01-01
2002,"Mato Grosso","Maio",2.528,2002-01-01
2013,"Maranhao","Setembro",3.88,2013-01-01
2007,"Sao Paulo","Mar�o",152,2007-01-01
2014,"Paraiba","Setembro",443,2014-01-01
2016,"Amazonas","Janeiro",770,2016-01-01
1998,"Rio","Junho",1,1998-01-01
2000,"Rio","Janeiro",0,2000-01-01
1999,"Santa Catarina","Junho",0,1999-01-01
2009,"Rio","Fevereiro",5,2009-01-01
1999,"Ceara","Dezembro",397,1999-01-01
2005,"Espirito Santo","Janeiro",4,2005-01-01
2000,"Alagoas","Fevereiro",16,2000-01-01
2002,"Distrito Federal","Dezembro",1,2002-01-01
2000,"Amapa","Setembro",19,2000-01-01
2011,"Acre","Dezembro",4,2011-01-01
2011,"Alagoas","Agosto",4,2011-01-01
2015,"Par�","Novembro",9.643,2015-01-01
2014,"Mato Grosso","Junho",1.795,2014-01-01
2005,"Pernambuco","Dezembro",191,2005-01-01
2005,"Sao Paulo","Setembro",231,2005-01-01
2011,"Ceara","Julho",18,2011-01-01
2012,"Santa Catarina","Maio",60,2012-01-01
2008,"Piau","Agosto",290,2008-01-01
2014,"Rio","Agosto",1.168,2014-01-01
2000,"Acre","Mar�o",11,2000-01-01
1999,"Santa Catarina","Fevereiro",2,1999-01-01
2016,"Rio","Outubro",129,2016-01-01
2004,"Maranhao","Janeiro",241,2004-01-01
1999,"Tocantins","Abril",9,1999-01-01
2010,"Maranhao","Agosto",6.353,2010-01-01
2005,"Goias","Outubro",1.717,2005-01-01
2011,"Rio","Outubro",114,2011-01-01
2012,"Paraiba","Novembro",130,2012-01-01
2013,"Maranhao","Agosto",2.098,2013-01-01
2012,"Paraiba","Agosto",522,2012-01-01
2000,"Rio","Setembro",27,2000-01-01
2003,"Roraima","Novembro",27,2003-01-01
2009,"Bahia","Julho",321,2009-01-01
2003,"Goias","Novembro",168,2003-01-01
2014,"Rondonia","Fevereiro",5,2014-01-01
2014,"Espirito Santo","Abril",15,2014-01-01
2012,"Minas Gerais","Janeiro",75,2012-01-01
2010,"Tocantins","Agosto",7.865,2010-01-01
2001,"Maranhao","Julho",549,2001-01-01
2015,"Rondonia","Novembro",1.002,2015-01-01
2004,"Goias","Abril",32,2004-01-01
2017,"Amazonas","Janeiro",65,2017-01-01
2000,"Bahia","Abril",23,2000-01-01
2004,"Par�","Julho",4.436,2004-01-01
2002,"Paraiba","Agosto",38,2002-01-01
1998,"Bahia","Mar�o",0,1998-01-01
2012,"Acre","Outubro",348,2012-01-01
2012,"Amazonas","Janeiro",6,2012-01-01
2017,"Roraima","Janeiro",108,2017-01-01
2013,"Amapa","Novembro",341,2013-01-01
2017,"Santa Catarina","Abril",26,2017-01-01
2000,"Sergipe","Mar�o",6,2000-01-01
2012,"Paraiba","Maio",10,2012-01-01
2006,"Rio","Novembro",1,2006-01-01
2007,"Santa Catarina","Abril",2,2007-01-01
2017,"Sergipe","Mar�o",16,2017-01-01
2006,"Maranhao","Abril",9,2006-01-01
2008,"Rio","Janeiro",70,2008-01-01
2006,"Paraiba","Janeiro",83,2006-01-01
2008,"Espirito Santo","Abril",8,2008-01-01
2004,"Ceara","Outubro",1.217,2004-01-01
2003,"Maranhao","Maio",60,2003-01-01
2007,"Alagoas","Agosto",3,2007-01-01
2008,"Roraima","Outubro",78,2008-01-01
2007,"Piau","Maio",52,2007-01-01
2017,"Rio","Junho",103,2017-01-01
2012,"Bahia","Abril",396,2012-01-01
2014,"Piau","Dezembro",346,2014-01-01
2013,"Rio","Junho",17,2013-01-01
2014,"Piau","Agosto",2.265,2014-01-01
2000,"Alagoas","Mar�o",32,2000-01-01
2008,"Mato Grosso","Julho",116,2008-01-01
2002,"Ceara","Dezembro",1.787,2002-01-01
2003,"Santa Catarina","Fevereiro",43,2003-01-01
2010,"Piau","Junho",208,2010-01-01
2015,"Amapa","Mar�o",2,2015-01-01
2011,"Ceara","Junho",5,2011-01-01
2016,"Paraiba","Outubro",304,2016-01-01
2005,"Piau","Agosto",943,2005-01-01
2003,"Minas Gerais","Julho",407,2003-01-01
2011,"Roraima","Dezembro",249,2011-01-01
2002,"Rio","Mar�o",26,2002-01-01
2006,"Roraima","Outubro",135,2006-01-01
2010,"Alagoas","Maio",0,2010-01-01
2008,"Rio","Novembro",82,2008-01-01
2011,"Piau","Junho",462,2011-01-01
2017,"Mato Grosso","Maio",72,2017-01-01
2016,"Rondonia","Mar�o",25,2016-01-01
2013,"Sergipe","Junho",1,2013-01-01
2011,"Minas Gerais","Dezembro",43,2011-01-01
2006,"Ceara","Julho",1,2006-01-01
2004,"Roraima","Abril",182,2004-01-01
1998,"Mato Grosso","Setembro",10.363,1998-01-01
2017,"Santa Catarina","Junho",70,2017-01-01
2014,"Minas Gerais","Janeiro",133,2014-01-01
2016,"Minas Gerais","Mar�o",123,2016-01-01
2013,"Roraima","Fevereiro",62,2013-01-01
2007,"Par�","Agosto",14.352,2007-01-01
2005,"Goias","Junho",189,2005-01-01
2008,"Santa Catarina","Novembro",16,2008-01-01
2002,"Acre","Mar�o",0,2002-01-01
2013,"Bahia","Janeiro",125,2013-01-01
2012,"Rio","Outubro",163,2012-01-01
2008,"Pernambuco","Outubro",274,2008-01-01
2000,"Ceara","Janeiro",1,2000-01-01
2006,"Tocantins","Mar�o",11,2006-01-01
2000,"Pernambuco","Setembro",130,2000-01-01
1998,"Ceara","Janeiro",0,1998-01-01
2001,"Pernambuco","Fevereiro",2,2001-01-01
2014,"Tocantins","Outubro",4,2014-01-01
2006,"Sao Paulo","Junho",97,2006-01-01
2013,"Acre","Abril",19,2013-01-01
2001,"Pernambuco","Agosto",27,2001-01-01
2002,"Sergipe","Agosto",2,2002-01-01
2000,"Pernambuco","Outubro",411,2000-01-01
2010,"Piau","Abril",56,2010-01-01
1999,"Santa Catarina","Julho",2,1999-01-01
2001,"Rio","Dezembro",2,2001-01-01
2004,"Goias","Mar�o",36,2004-01-01
1999,"Mato Grosso","Dezembro",306,1999-01-01
2007,"Distrito Federal","Dezembro",0,2007-01-01
2017,"Rio","Abril",12,2017-01-01
2007,"Ceara","Julho",11,2007-01-01
2013,"Pernambuco","Maio",9,2013-01-01
2008,"Piau","Maio",12,2008-01-01
2000,"Maranhao","Maio",28,2000-01-01
2010,"Mato Grosso","Junho",149,2010-01-01
2010,"Santa Catarina","Abril",19,2010-01-01
2001,"Roraima","Agosto",4,2001-01-01
2013,"Alagoas","Janeiro",49,2013-01-01
1999,"Acre","Setembro",209,1999-01-01
2013,"Distrito Federal","Maio",2,2013-01-01
2008,"Roraima","Janeiro",245,2008-01-01
2002,"Distrito Federal","Fevereiro",0,2002-01-01
2011,"Rio","Junho",12,2011-01-01
2007,"Santa Catarina","Junho",11,2007-01-01
2007,"Santa Catarina","Novembro",26,2007-01-01
2009,"Ceara","Setembro",101,2009-01-01
2010,"Roraima","Junho",0,2010-01-01
2015,"Bahia","Dezembro",1.408,2015-01-01
2009,"Ceara","Maio",0,2009-01-01
2015,"Santa Catarina","Abril",32,2015-01-01
2007,"Acre","Maio",1,2007-01-01
2017,"Goias","Mar�o",115,2017-01-01
2006,"Roraima","Novembro",26,2006-01-01
2009,"Distrito Federal","Novembro",0,2009-01-01
2017,"Maranhao","Outubro",6.011,2017-01-01
2007,"Mato Grosso","Mar�o",476,2007-01-01
2004,"Espirito Santo","Novembro",42,2004-01-01
2009,"Mato Grosso","Fevereiro",164,2009-01-01
2015,"Espirito Santo","Outubro",307,2015-01-01
2012,"Rio","Abril",12,2012-01-01
2010,"Sergipe","Setembro",0,2010-01-01
2012,"Minas Gerais","Dezembro",189,2012-01-01
1999,"Bahia","Janeiro",114,1999-01-01
2017,"Minas Gerais","Novembro",136,2017-01-01
2004,"Rio","Abril",3,2004-01-01
2007,"Sao Paulo","Julho",94,2007-01-01
2017,"Tocantins","Junho",1.32,2017-01-01
2000,"Roraima","Abril",0,2000-01-01
2008,"Bahia","Janeiro",314,2008-01-01
2005,"Amazonas","Janeiro",44,2005-01-01
2011,"Roraima","Junho",6,2011-01-01
2013,"Mato Grosso","Abril",78,2013-01-01
2007,"Distrito Federal","Mar�o",1,2007-01-01
2004,"Mato Grosso","Junho",394,2004-01-01
2002,"Amazonas","Maio",8,2002-01-01
2001,"Rio","Mar�o",0,2001-01-01
2015,"Bahia","Abril",190,2015-01-01
2015,"Mato Grosso","Dezembro",394,2015-01-01
2002,"Par�","Janeiro",144,2002-01-01
1999,"Par�","Mar�o",7,1999-01-01
2000,"Roraima","Dezembro",77,2000-01-01
2001,"Paraiba","Maio",4,2001-01-01
2004,"Alagoas","Junho",0,2004-01-01
1998,"Piau","Novembro",424,1998-01-01
2004,"Santa Catarina","Mar�o",73,2004-01-01
2010,"Rondonia","Dezembro",158,2010-01-01
2011,"Minas Gerais","Agosto",2.742,2011-01-01
2011,"Ceara","Fevereiro",2,2011-01-01
2015,"Sergipe","Fevereiro",40,2015-01-01
2016,"Paraiba","Mar�o",63,2016-01-01
1999,"Mato Grosso","Novembro",1.194,1999-01-01
2000,"Distrito Federal","Maio",2,2000-01-01
2009,"Amapa","Janeiro",4,2009-01-01
2005,"Espirito Santo","Junho",8,2005-01-01
2013,"Minas Gerais","Julho",462,2013-01-01
2003,"Roraima","Janeiro",547,2003-01-01
2012,"Alagoas","Janeiro",36,2012-01-01
2017,"Rondonia","Mar�o",21,2017-01-01
1999,"Sao Paulo","Maio",500,1999-01-01
2002,"Minas Gerais","Outubro",4.788,2002-01-01
2009,"Mato Grosso","Julho",354,2009-01-01
2004,"Acre","Setembro",1.978,2004-01-01
1999,"Sergipe","Outubro",0,1999-01-01
1998,"Bahia","Julho",219,1998-01-01
2012,"Par�","Dezembro",1.812,2012-01-01
2010,"Par�","Setembro",10.81,2010-01-01
2005,"Bahia","Junho",211,2005-01-01
2010,"Tocantins","Outubro",2.272,2010-01-01
2016,"Goias","Janeiro",52,2016-01-01
2014,"Sergipe","Julho",0,2014-01-01
2015,"Piau","Outubro",4.068,2015-01-01
2003,"Amazonas","Maio",2,2003-01-01
2014,"Goias","Agosto",1.255,2014-01-01
2016,"Paraiba","Fevereiro",4,2016-01-01
1998,"Goias","Fevereiro",0,1998-01-01
2015,"Maranhao","Janeiro",494,2015-01-01
2010,"Piau","Maio",231,2010-01-01
2016,"Piau","Abril",35,2016-01-01
2016,"Par�","Fevereiro",430,2016-01-01
2008,"Piau","Dezembro",329,2008-01-01
2008,"Sao Paulo","Abril",84,2008-01-01
2001,"Ceara","Fevereiro",0,2001-01-01
2010,"Alagoas","Abril",3,2010-01-01
2007,"Distrito Federal","Novembro",0,2007-01-01
1998,"Rio","Outubro",6,1998-01-01
2009,"Pernambuco","Dezembro",351,2009-01-01
2007,"Mato Grosso","Dezembro",15,2007-01-01
1998,"Rio","Dezembro",1,1998-01-01
1999,"Sergipe","Agosto",0,1999-01-01
2014,"Alagoas","Julho",1,2014-01-01
2012,"Pernambuco","Novembro",181,2012-01-01
2011,"Piau","Fevereiro",11,2011-01-01
2002,"Sao Paulo","Junho",562,2002-01-01
2016,"Maranhao","Agosto",3.723,2016-01-01
2015,"Rio","Novembro",30,2015-01-01
2016,"Santa Catarina","Dezembro",20,2016-01-01
2015,"Rio","Fevereiro",36,2015-01-01
2001,"Mato Grosso","Junho",249,2001-01-01
2007,"Mato Grosso","Outubro",4.89,2007-01-01
2006,"Minas Gerais","Janeiro",109,2006-01-01
2001,"Sergipe","Abril",0,2001-01-01
2004,"Minas Gerais","Maio",79,2004-01-01
1999,"Bahia","Fevereiro",157,1999-01-01
2014,"Amazonas","Novembro",676,2014-01-01
2002,"Espirito Santo","Novembro",22,2002-01-01
2010,"Rio","Dezembro",54,2010-01-01
1998,"Minas Gerais","Mar�o",0,1998-01-01
2005,"Distrito Federal","Dezembro",0,2005-01-01
2003,"Roraima","Junho",0,2003-01-01
2011,"Sergipe","Maio",0,2011-01-01
2006,"Maranhao","Setembro",2.907,2006-01-01
2013,"Amazonas","Maio",19,2013-01-01
2015,"Rio","Agosto",414,2015-01-01
2005,"Amazonas","Mar�o",12,2005-01-01
2016,"Amazonas","Novembro",591,2016-01-01
2012,"Roraima","Mar�o",99,2012-01-01
2017,"Santa Catarina","Setembro",626,2017-01-01
2014,"Rio","Junho",2,2014-01-01
2007,"Espirito Santo","Novembro",112,2007-01-01
2014,"Maranhao","Junho",812,2014-01-01
1999,"Acre","Dezembro",0,1999-01-01
2003,"Maranhao","Novembro",4.929,2003-01-01
2000,"Rio","Julho",22,2000-01-01
2011,"Pernambuco","Setembro",243,2011-01-01
1998,"Sergipe","Junho",0,1998-01-01
2010,"Rio","Maio",9,2010-01-01
1999,"Tocantins","Mar�o",1,1999-01-01
2011,"Alagoas","Setembro",5,2011-01-01
1998,"Espirito Santo","Mar�o",0,1998-01-01
1999,"Minas Gerais","Abril",27,1999-01-01
2016,"Distrito Federal","Outubro",9,2016-01-01
2014,"Sao Paulo","Outubro",887,2014-01-01
2000,"Rondonia","Julho",117,2000-01-01
2009,"Espirito Santo","Agosto",17,2009-01-01
2000,"Paraiba","Novembro",65,2000-01-01
2004,"Maranhao","Fevereiro",22,2004-01-01
2017,"Distrito Federal","Setembro",122,2017-01-01
2009,"Distrito Federal","Fevereiro",0,2009-01-01
2006,"Mato Grosso","Outubro",2.327,2006-01-01
2014,"Par�","Setembro",6.787,2014-01-01
2003,"Amazonas","Outubro",725,2003-01-01
2007,"Distrito Federal","Junho",21,2007-01-01
2012,"Tocantins","Setembro",7.46,2012-01-01
2016,"Rio","Janeiro",68,2016-01-01
2000,"Paraiba","Setembro",9,2000-01-01
2010,"Rio","Abril",10,2010-01-01
2014,"Bahia","Fevereiro",107,2014-01-01
2003,"Paraiba","Outubro",1.228,2003-01-01
2013,"Distrito Federal","Junho",4,2013-01-01
2002,"Mato Grosso","Junho",517,2002-01-01
2013,"Rondonia","Mar�o",23,2013-01-01
2011,"Minas Gerais","Maio",151,2011-01-01
2008,"Rio","Fevereiro",2,2008-01-01
2010,"Rondonia","Julho",747,2010-01-01
2000,"Sao Paulo","Janeiro",36,2000-01-01
2012,"Par�","Julho",661,2012-01-01
2002,"Santa Catarina","Abril",7,2002-01-01
2015,"Santa Catarina","Agosto",379,2015-01-01
2005,"Amapa","Julho",0,2005-01-01
2011,"Rio","Fevereiro",36,2011-01-01
2014,"Par�","Outubro",6.448,2014-01-01
2007,"Ceara","Maio",0,2007-01-01
2017,"Tocantins","Agosto",3.536,2017-01-01
2005,"Santa Catarina","Abril",25,2005-01-01
2007,"Espirito Santo","Maio",1,2007-01-01
2010,"Paraiba","Agosto",9,2010-01-01
1998,"Acre","Julho",37,1998-01-01
2007,"Alagoas","Fevereiro",28,2007-01-01
2000,"Piau","Novembro",450,2000-01-01
2003,"Piau","Novembro",1.248,2003-01-01
2017,"Maranhao","Maio",142,2017-01-01
2014,"Tocantins","Janeiro",89,2014-01-01
2002,"Bahia","Outubro",5.414,2002-01-01
2004,"Minas Gerais","Dezembro",125,2004-01-01
2006,"Rio","Dezembro",0,2006-01-01
2001,"Paraiba","Junho",43,2001-01-01
2011,"Acre","Abril",2,2011-01-01
2014,"Amazonas","Mar�o",50,2014-01-01
2009,"Paraiba","Janeiro",115,2009-01-01
2005,"Paraiba","Novembro",597,2005-01-01
2002,"Goias","Fevereiro",9,2002-01-01
2010,"Rio","Janeiro",13,2010-01-01
1998,"Rio","Maio",0,1998-01-01
2015,"Mato Grosso","Janeiro",960,2015-01-01
2014,"Par�","Maio",70,2014-01-01
2005,"Amapa","Junho",2,2005-01-01
2014,"Ceara","Janeiro",115,2014-01-01
2000,"Roraima","Agosto",9,2000-01-01
2017,"Alagoas","Janeiro",38,2017-01-01
2013,"Acre","Janeiro",0,2013-01-01
2008,"Santa Catarina","Outubro",56,2008-01-01
2009,"Paraiba","Julho",34,2009-01-01
2007,"Acre","Janeiro",0,2007-01-01
2008,"Piau","Outubro",1.83,2008-01-01
2003,"Amazonas","Janeiro",158,2003-01-01
2007,"Paraiba","Agosto",580,2007-01-01
2002,"Amapa","Janeiro",7,2002-01-01
2017,"Roraima","Fevereiro",129,2017-01-01
2005,"Espirito Santo","Agosto",12,2005-01-01
2000,"Ceara","Mar�o",9,2000-01-01
2015,"Goias","Julho",347,2015-01-01
1999,"Par�","Abril",6,1999-01-01
2005,"Rio","Janeiro",152,2005-01-01
2003,"Maranhao","Agosto",2.023,2003-01-01
2017,"Par�","Agosto",11.962,2017-01-01
2006,"Mato Grosso","Janeiro",947,2006-01-01
2001,"Roraima","Outubro",13,2001-01-01
2007,"Paraiba","Janeiro",69,2007-01-01
1998,"Pernambuco","Agosto",12,1998-01-01
2007,"Maranhao","Novembro",2.297,2007-01-01
1998,"Bahia","Dezembro",82,1998-01-01
2014,"Amazonas","Janeiro",46,2014-01-01
2009,"Rio","Maio",37,2009-01-01
2003,"Minas Gerais","Outubro",5.391,2003-01-01
2015,"Espirito Santo","Dezembro",61,2015-01-01
2013,"Paraiba","Julho",1,2013-01-01
2011,"Piau","Outubro",1.484,2011-01-01
1999,"Maranhao","Mar�o",17,1999-01-01
2016,"Roraima","Dezembro",136,2016-01-01
2006,"Piau","Novembro",740,2006-01-01
2005,"Paraiba","Maio",125,2005-01-01
1999,"Amazonas","Julho",11,1999-01-01
2001,"Paraiba","Setembro",98,2001-01-01
1999,"Paraiba","Janeiro",26,1999-01-01
2014,"Sergipe","Janeiro",20,2014-01-01
2007,"Rio","Fevereiro",24,2007-01-01
2007,"Amapa","Setembro",61,2007-01-01
2010,"Goias","Janeiro",59,2010-01-01
2014,"Rio","Mar�o",38,2014-01-01
2016,"Rondonia","Outubro",1.844,2016-01-01
2009,"Minas Gerais","Outubro",1.013,2009-01-01
2017,"Rondonia","Outubro",2.19,2017-01-01
2016,"Alagoas","Fevereiro",14,2016-01-01
2016,"Pernambuco","Outubro",319,2016-01-01
2014,"Minas Gerais","Mar�o",77,2014-01-01
1998,"Rondonia","Agosto",2.254,1998-01-01
2010,"Minas Gerais","Julho",707,2010-01-01
2001,"Rondonia","Mar�o",0,2001-01-01
2008,"Paraiba","Janeiro",77,2008-01-01
2010,"Mato Grosso","Junho",1.025,2010-01-01
2008,"Amazonas","Maio",1,2008-01-01
2011,"Paraiba","Setembro",55,2011-01-01
2010,"Mato Grosso","Agosto",1.721,2010-01-01
2013,"Minas Gerais","Fevereiro",143,2013-01-01
2006,"Paraiba","Junho",0,2006-01-01
2001,"Bahia","Maio",85,2001-01-01
2004,"Sergipe","Junho",0,2004-01-01
2000,"Maranhao","Mar�o",6,2000-01-01
2010,"Mato Grosso","Setembro",1.505,2010-01-01
2007,"Rio","Mar�o",8,2007-01-01
2016,"Maranhao","Setembro",3.166,2016-01-01
1999,"Ceara","Maio",5,1999-01-01
2002,"Roraima","Agosto",7,2002-01-01
2001,"Paraiba","Agosto",342,2001-01-01
2007,"Bahia","Dezembro",259,2007-01-01
2011,"Amapa","Agosto",16,2011-01-01
2015,"Mato Grosso","Abril",65,2015-01-01
2005,"Goias","Julho",363,2005-01-01
1999,"Mato Grosso","Fevereiro",28,1999-01-01
2001,"Mato Grosso","Novembro",373,2001-01-01
2013,"Goias","Mar�o",79,2013-01-01
2009,"Piau","Mar�o",17,2009-01-01
2008,"Rio","Dezembro",32,2008-01-01
2017,"Rio","Fevereiro",34,2017-01-01
2016,"Amapa","Abril",0,2016-01-01
2005,"Santa Catarina","Agosto",391,2005-01-01
2011,"Alagoas","Outubro",23,2011-01-01
2015,"Amazonas","Outubro",2.494,2015-01-01
2011,"Bahia","Janeiro",101,2011-01-01
1998,"Mato Grosso","Maio",0,1998-01-01
2002,"Rio","Junho",4,2002-01-01
2010,"Espirito Santo","Dezembro",10,2010-01-01
1998,"Roraima","Fevereiro",0,1998-01-01
2001,"Rio","Agosto",36,2001-01-01
2009,"Par�","Novembro",10.012,2009-01-01
2010,"Santa Catarina","Maio",1,2010-01-01
2005,"Amazonas","Agosto",2.316,2005-01-01
2003,"Mato Grosso","Fevereiro",592,2003-01-01
2006,"Espirito Santo","Dezembro",0,2006-01-01
2012,"Maranhao","Janeiro",326,2012-01-01
2013,"Mato Grosso","Junho",35,2013-01-01
2008,"Pernambuco","Agosto",2,2008-01-01
2013,"Ceara","Dezembro",956,2013-01-01
1999,"Espirito Santo","Agosto",60,1999-01-01
2006,"Rio","Julho",54,2006-01-01
2008,"Amapa","Setembro",83,2008-01-01
2000,"Alagoas","Dezembro",2,2000-01-01
2005,"Acre","Julho",368,2005-01-01
2003,"Rio","Julho",7,2003-01-01
2015,"Distrito Federal","Junho",1,2015-01-01
1998,"Rondonia","Junho",26,1998-01-01
2001,"Rio","Mar�o",0,2001-01-01
2007,"Pernambuco","Junho",1,2007-01-01
2006,"Minas Gerais","Fevereiro",96,2006-01-01
2008,"Goias","Fevereiro",25,2008-01-01
2014,"Alagoas","Outubro",7,2014-01-01
2005,"Espirito Santo","Maio",5,2005-01-01
2011,"Espirito Santo","Novembro",6,2011-01-01
2012,"Paraiba","Abril",38,2012-01-01
2015,"Rio","Fevereiro",41,2015-01-01
2005,"Alagoas","Abril",1,2005-01-01
2010,"Mato Grosso","Dezembro",276,2010-01-01
1999,"Ceara","Abril",6,1999-01-01
2003,"Mato Grosso","Julho",182,2003-01-01
2017,"Rondonia","Agosto",4.287,2017-01-01
2015,"Pernambuco","Mar�o",33,2015-01-01
2001,"Paraiba","Dezembro",70,2001-01-01
2017,"Bahia","Setembro",1.791,2017-01-01
2006,"Par�","Setembro",8.372,2006-01-01
2013,"Espirito Santo","Mar�o",13,2013-01-01
2007,"Sergipe","Fevereiro",22,2007-01-01
2013,"Mato Grosso","Novembro",423,2013-01-01
1999,"Distrito Federal","Setembro",12,1999-01-01
2004,"Minas Gerais","Setembro",4.339,2004-01-01
2014,"Piau","Mar�o",88,2014-01-01
2003,"Pernambuco","Janeiro",188,2003-01-01
2003,"Mato Grosso","Abril",903,2003-01-01
2004,"Alagoas","Fevereiro",7,2004-01-01
2006,"Amapa","Dezembro",74,2006-01-01
2013,"Rondonia","Abril",9,2013-01-01
2002,"Amazonas","Julho",146,2002-01-01
2001,"Rio","Fevereiro",3,2001-01-01
1999,"Amazonas","Novembro",32,1999-01-01
2001,"Tocantins","Janeiro",19,2001-01-01
2006,"Pernambuco","Outubro",310,2006-01-01
2011,"Goias","Junho",314,2011-01-01
1998,"Ceara","Outubro",1.014,1998-01-01
2012,"Rondonia","Julho",205,2012-01-01
1998,"Santa Catarina","Abril",0,1998-01-01
2008,"Amapa","Mar�o",1,2008-01-01
2012,"Rio","Agosto",23,2012-01-01
2014,"Paraiba","Novembro",68,2014-01-01
2004,"Mato Grosso","Mar�o",743,2004-01-01
2013,"Bahia","Agosto",610,2013-01-01
2011,"Acre","Setembro",1.204,2011-01-01
2014,"Santa Catarina","Janeiro",58,2014-01-01
2006,"Santa Catarina","Novembro",45,2006-01-01
2010,"Par�","Junho",94,2010-01-01
2002,"Piau","Julho",534,2002-01-01
2015,"Par�","Outubro",7.781,2015-01-01
2006,"Minas Gerais","Abril",50,2006-01-01
2005,"Goias","Maio",164,2005-01-01
2016,"Minas Gerais","Fevereiro",207,2016-01-01
2004,"Distrito Federal","Abril",1,2004-01-01
2003,"Maranhao","Outubro",6.085,2003-01-01
1999,"Tocantins","Junho",113,1999-01-01
2010,"Piau","Novembro",1.417,2010-01-01
2000,"Sao Paulo","Fevereiro",25,2000-01-01
2004,"Distrito Federal","Outubro",18,2004-01-01
2001,"Minas Gerais","Maio",83,2001-01-01
1998,"Sergipe","Novembro",12,1998-01-01
2000,"Sao Paulo","Outubro",647,2000-01-01
2007,"Rio","Novembro",13,2007-01-01
2016,"Alagoas","Maio",4,2016-01-01
1999,"Minas Gerais","Julho",318,1999-01-01
2006,"Bahia","Novembro",239,2006-01-01
2005,"Mato Grosso","Agosto",11.57,2005-01-01
2015,"Sergipe","Dezembro",63,2015-01-01
2012,"Rio","Fevereiro",13,2012-01-01
2012,"Mato Grosso","Dezembro",492,2012-01-01
2015,"Roraima","Novembro",280,2015-01-01
2004,"Pernambuco","Agosto",41,2004-01-01
2012,"Santa Catarina","Junho",42,2012-01-01
2007,"Goias","Janeiro",28,2007-01-01
1999,"Pernambuco","Julho",2,1999-01-01
2005,"Rio","Dezembro",149,2005-01-01
2008,"Paraiba","Dezembro",62,2008-01-01
2006,"Amazonas","Outubro",721,2006-01-01
2004,"Pernambuco","Setembro",192,2004-01-01
2011,"Ceara","Outubro",415,2011-01-01
2012,"Roraima","Junho",22,2012-01-01
2001,"Par�","Novembro",4.938,2001-01-01
1999,"Mato Grosso","Julho",3.926,1999-01-01
1999,"Roraima","Novembro",15,1999-01-01
2009,"Maranhao","Janeiro",240,2009-01-01
2004,"Paraiba","Novembro",331,2004-01-01
2016,"Tocantins","Fevereiro",383,2016-01-01
2000,"Roraima","Junho",0,2000-01-01
2013,"Piau","Janeiro",72,2013-01-01
2003,"Mato Grosso","Outubro",5.341,2003-01-01
2012,"Tocantins","Abril",226,2012-01-01
2010,"Mato Grosso","Julho",3.442,2010-01-01
2015,"Rio","Dezembro",11,2015-01-01
2000,"Amapa","Novembro",157,2000-01-01
2004,"Espirito Santo","Julho",4,2004-01-01
2004,"Rio","Julho",23,2004-01-01
2001,"Rondonia","Setembro",1.927,2001-01-01
2006,"Minas Gerais","Junho",73,2006-01-01
2009,"Roraima","Julho",18,2009-01-01
2006,"Mato Grosso","Abril",161,2006-01-01
2008,"Par�","Abril",7,2008-01-01
2008,"Rio","Maio",0,2008-01-01
2008,"Alagoas","Maio",0,2008-01-01
2001,"Mato Grosso","Setembro",8.49,2001-01-01
2011,"Rio","Fevereiro",5,2011-01-01
2009,"Roraima","Janeiro",45,2009-01-01
2013,"Goias","Janeiro",33,2013-01-01
2013,"Paraiba","Janeiro",28,2013-01-01
2000,"Ceara","Dezembro",389,2000-01-01
2015,"Sergipe","Agosto",0,2015-01-01
2005,"Rondonia","Maio",38,2005-01-01
2003,"Paraiba","Outubro",381,2003-01-01
2015,"Sao Paulo","Maio",65,2015-01-01
2009,"Mato Grosso","Maio",516,2009-01-01
2014,"Mato Grosso","Outubro",581,2014-01-01
2012,"Acre","Junho",7,2012-01-01
2013,"Maranhao","Abril",62,2013-01-01
1998,"Ceara","Dezembro",276,1998-01-01
2008,"Mato Grosso","Janeiro",63,2008-01-01
2000,"Sao Paulo","Abril",102,2000-01-01
2005,"Piau","Mar�o",13,2005-01-01
2012,"Maranhao","Maio",286,2012-01-01
2015,"Rondonia","Maio",13,2015-01-01
2006,"Mato Grosso","Outubro",244,2006-01-01
2000,"Minas Gerais","Abril",49,2000-01-01
2000,"Roraima","Janeiro",18,2000-01-01
2017,"Bahia","Junho",329,2017-01-01
2002,"Mato Grosso","Janeiro",172,2002-01-01
2011,"Acre","Mar�o",0,2011-01-01
2007,"Maranhao","Julho",1.205,2007-01-01
1998,"Piau","Setembro",1.991,1998-01-01
2013,"Par�","Junho",173,2013-01-01
2010,"Paraiba","Junho",55,2010-01-01
2006,"Amazonas","Abril",5,2006-01-01
2014,"Mato Grosso","Novembro",1.018,2014-01-01
2002,"Roraima","Janeiro",302,2002-01-01
2005,"Bahia","Maio",120,2005-01-01
2008,"Roraima","Setembro",17,2008-01-01
2007,"Rio","Maio",3,2007-01-01
2012,"Mato Grosso","Novembro",115,2012-01-01
2007,"Sao Paulo","Agosto",470,2007-01-01
2007,"Mato Grosso","Fevereiro",213,2007-01-01
2013,"Espirito Santo","Maio",14,2013-01-01
2013,"Pernambuco","Junho",12,2013-01-01
2013,"Par�","Mar�o",19,2013-01-01
2003,"Bahia","Maio",106,2003-01-01
2017,"Amapa","Mar�o",0,2017-01-01
2005,"Rondonia","Fevereiro",42,2005-01-01
2001,"Mato Grosso","Mar�o",39,2001-01-01
2005,"Mato Grosso","Junho",2.294,2005-01-01
2004,"Pernambuco","Abril",5,2004-01-01
2001,"Espirito Santo","Maio",8,2001-01-01
2005,"Paraiba","Dezembro",159,2005-01-01
2004,"Maranhao","Outubro",3.604,2004-01-01
2010,"Par�","Janeiro",437,2010-01-01
2011,"Mato Grosso","Julho",1.061,2011-01-01
2002,"Espirito Santo","Maio",5,2002-01-01
2012,"Rondonia","Fevereiro",9,2012-01-01
2012,"Ceara","Mar�o",10,2012-01-01
2013,"Distrito Federal","Setembro",31,2013-01-01
2012,"Sao Paulo","Agosto",435,2012-01-01
2011,"Rondonia","Junho",130,2011-01-01
2001,"Santa Catarina","Maio",2,2001-01-01
2003,"Sao Paulo","Mar�o",86,2003-01-01
2015,"Sergipe","Maio",11,2015-01-01
2008,"Alagoas","Julho",0,2008-01-01
2014,"Santa Catarina","Outubro",122,2014-01-01
2017,"Sao Paulo","Junho",217,2017-01-01
2004,"Santa Catarina","Outubro",704,2004-01-01
2008,"Santa Catarina","Setembro",233,2008-01-01
2011,"Sergipe","Abril",12,2011-01-01
2003,"Bahia","Novembro",533,2003-01-01
2007,"Mato Grosso","Setembro",25.963,2007-01-01
2001,"Paraiba","Janeiro",32,2001-01-01
2008,"Sergipe","Janeiro",100,2008-01-01
2006,"Espirito Santo","Abril",1,2006-01-01
2008,"Amapa","Abril",2,2008-01-01
2006,"Ceara","Junho",0,2006-01-01
2004,"Tocantins","Mar�o",23,2004-01-01
2001,"Roraima","Dezembro",76,2001-01-01
2006,"Roraima","Dezembro",101,2006-01-01
2013,"Minas Gerais","Mar�o",110,2013-01-01
2014,"Minas Gerais","Fevereiro",157,2014-01-01
2008,"Sao Paulo","Junho",25,2008-01-01
1998,"Maranhao","Novembro",2.237,1998-01-01
2009,"Amazonas","Maio",3,2009-01-01
2014,"Pernambuco","Outubro",174,2014-01-01
2009,"Rio","Fevereiro",15,2009-01-01
2005,"Paraiba","Outubro",155,2005-01-01
2014,"Paraiba","Outubro",70,2014-01-01
2015,"Roraima","Julho",5,2015-01-01
2013,"Rio","Julho",0,2013-01-01
2005,"Minas Gerais","Dezembro",65,2005-01-01
2016,"Rio","Junho",4,2016-01-01
2009,"Mato Grosso","Agosto",2.25,2009-01-01
2012,"Pernambuco","Agosto",27,2012-01-01
2017,"Bahia","Novembro",174,2017-01-01
1999,"Amapa","Maio",0,1999-01-01
2007,"Roraima","Julho",3,2007-01-01
2005,"Sao Paulo","Novembro",163,2005-01-01
2005,"Amapa","Abril",0,2005-01-01
2005,"Sergipe","Abril",8,2005-01-01
2003,"Sao Paulo","Dezembro",58,2003-01-01
2001,"Mato Grosso","Mar�o",24,2001-01-01
2000,"Roraima","Maio",7,2000-01-01
2015,"Sao Paulo","Fevereiro",69,2015-01-01
1998,"Sergipe","Setembro",0,1998-01-01
2003,"Paraiba","Maio",115,2003-01-01
2012,"Pernambuco","Maio",36,2012-01-01
2003,"Tocantins","Maio",96,2003-01-01
2006,"Rio","Dezembro",101,2006-01-01
2009,"Rio","Abril",145,2009-01-01
2006,"Par�","Novembro",2.883,2006-01-01
2017,"Rondonia","Novembro",372,2017-01-01
2003,"Roraima","Fevereiro",767,2003-01-01
2009,"Rio","Novembro",4,2009-01-01
2009,"Rondonia","Novembro",128,2009-01-01
1999,"Mato Grosso","Abril",76,1999-01-01
2016,"Piau","Mar�o",53,2016-01-01
2014,"Amapa","Maio",0,2014-01-01
2007,"Mato Grosso","Setembro",4.446,2007-01-01
2012,"Amazonas","Dezembro",80,2012-01-01
2002,"Paraiba","Dezembro",163,2002-01-01
1998,"Rio","Julho",5,1998-01-01
2008,"Minas Gerais","Abril",113,2008-01-01
2010,"Distrito Federal","Abril",8,2010-01-01
2011,"Espirito Santo","Abril",3,2011-01-01
2009,"Paraiba","Dezembro",30,2009-01-01
2003,"Pernambuco","Agosto",26,2003-01-01
2000,"Tocantins","Agosto",1.949,2000-01-01
1998,"Amapa","Abril",0,1998-01-01
2005,"Rio","Mar�o",153,2005-01-01
2015,"Paraiba","Maio",6,2015-01-01
2010,"Acre","Outubro",292,2010-01-01
2010,"Roraima","Dezembro",73,2010-01-01
2006,"Minas Gerais","Maio",62,2006-01-01
2004,"Rondonia","Outubro",3.094,2004-01-01
2008,"Espirito Santo","Mar�o",5,2008-01-01
1998,"Amazonas","Mar�o",0,1998-01-01
2016,"Paraiba","Dezembro",8,2016-01-01
2015,"Rio","Dezembro",74,2015-01-01
2000,"Santa Catarina","Outubro",55,2000-01-01
2012,"Rondonia","Setembro",2.471,2012-01-01
2012,"Maranhao","Outubro",5,2012-01-01
2006,"Goias","Junho",70,2006-01-01
2012,"Par�","Mar�o",30,2012-01-01
2005,"Distrito Federal","Mar�o",0,2005-01-01
2000,"Santa Catarina","Julho",21,2000-01-01
2008,"Piau","Junho",33,2008-01-01
2006,"Paraiba","Dezembro",6,2006-01-01
2012,"Santa Catarina","Fevereiro",13,2012-01-01
2003,"Rio","Maio",1,2003-01-01
2011,"Tocantins","Maio",354,2011-01-01
2005,"Tocantins","Outubro",2.913,2005-01-01
2000,"Tocantins","Outubro",1.053,2000-01-01
2004,"Piau","Setembro",2.662,2004-01-01
2002,"Paraiba","Fevereiro",24,2002-01-01
2009,"Alagoas","Dezembro",55,2009-01-01
2008,"Alagoas","Setembro",9,2008-01-01
2003,"Espirito Santo","Setembro",252,2003-01-01
2015,"Sergipe","Novembro",47,2015-01-01
2005,"Bahia","Novembro",1.595,2005-01-01
2006,"Espirito Santo","Agosto",29,2006-01-01
2015,"Bahia","Junho",242,2015-01-01
2011,"Acre","Outubro",97,2011-01-01
2002,"Tocantins","Dezembro",39,2002-01-01
1999,"Tocantins","Julho",373,1999-01-01
2017,"Espirito Santo","Junho",37,2017-01-01
2004,"Paraiba","Julho",148,2004-01-01
2014,"Mato Grosso","Julho",193,2014-01-01
2016,"Sao Paulo","Junho",197,2016-01-01
2000,"Espirito Santo","Julho",16,2000-01-01
2005,"Paraiba","Dezembro",40,2005-01-01
2013,"Mato Grosso","Dezembro",195,2013-01-01
2016,"Par�","Dezembro",3.3,2016-01-01
1998,"Espirito Santo","Janeiro",0,1998-01-01
2007,"Bahia","Abril",64,2007-01-01
2014,"Sao Paulo","Julho",476,2014-01-01
2012,"Pernambuco","Mar�o",44,2012-01-01
2017,"Amazonas","Maio",40,2017-01-01
2014,"Espirito Santo","Outubro",89,2014-01-01
1999,"Mato Grosso","Fevereiro",69,1999-01-01
2007,"Rondonia","Outubro",2.023,2007-01-01
2006,"Amapa","Fevereiro",2,2006-01-01
2007,"Paraiba","Maio",14,2007-01-01
2016,"Alagoas","Setembro",18,2016-01-01
2007,"Piau","Novembro",939,2007-01-01
2017,"Espirito Santo","Fevereiro",8,2017-01-01
2017,"Paraiba","Mar�o",43,2017-01-01
2010,"Ceara","Maio",2,2010-01-01
2008,"Espirito Santo","Junho",4,2008-01-01
2006,"Maranhao","Dezembro",1.052,2006-01-01
1999,"Acre","Junho",0,1999-01-01
2013,"Mato Grosso","Julho",201,2013-01-01
2004,"Rio","Novembro",161,2004-01-01
2016,"Mato Grosso","Outubro",2.749,2016-01-01
2013,"Acre","Junho",8,2013-01-01
2009,"Paraiba","Setembro",28,2009-01-01
2002,"Acre","Setembro",1.949,2002-01-01
2005,"Paraiba","Outubro",157,2005-01-01
2012,"Rio","Maio",112,2012-01-01
2015,"Tocantins","Fevereiro",65,2015-01-01
2011,"Paraiba","Agosto",435,2011-01-01
1998,"Santa Catarina","Setembro",6,1998-01-01
1998,"Sao Paulo","Junho",451,1998-01-01
2005,"Mato Grosso","Setembro",1.87,2005-01-01
2008,"Sao Paulo","Mar�o",72,2008-01-01
2016,"Santa Catarina","Maio",26,2016-01-01
2012,"Rio","Julho",50,2012-01-01
2007,"Roraima","Maio",0,2007-01-01
2005,"Paraiba","Mar�o",13,2005-01-01
2003,"Rondonia","Fevereiro",10,2003-01-01
2009,"Mato Grosso","Janeiro",527,2009-01-01
2014,"Rondonia","Janeiro",12,2014-01-01
2002,"Goias","Agosto",1.428,2002-01-01
2007,"Tocantins","Julho",982,2007-01-01
2005,"Espirito Santo","Abril",4,2005-01-01
2012,"Sao Paulo","Fevereiro",81,2012-01-01
2014,"Bahia","Agosto",674,2014-01-01
2010,"Maranhao","Julho",2.323,2010-01-01
2004,"Paraiba","Dezembro",151,2004-01-01
2010,"Rio","Julho",7,2010-01-01
2007,"Acre","Junho",4,2007-01-01
2012,"Alagoas","Outubro",28,2012-01-01
2010,"Ceara","Abril",7,2010-01-01
2014,"Rio","Junho",54,2014-01-01
2006,"Ceara","Abril",1,2006-01-01
2000,"Alagoas","Junho",0,2000-01-01
1998,"Tocantins","Agosto",3.747,1998-01-01
2001,"Goias","Maio",85,2001-01-01
2009,"Rio","Setembro",90,2009-01-01
2003,"Rio","Julho",42,2003-01-01
2011,"Minas Gerais","Janeiro",61,2011-01-01
2008,"Espirito Santo","Dezembro",1,2008-01-01
2000,"Roraima","Outubro",25,2000-01-01
2008,"Tocantins","Outubro",2.832,2008-01-01
2001,"Distrito Federal","Setembro",12,2001-01-01
1999,"Rio","Janeiro",63,1999-01-01
2015,"Sergipe","Junho",3,2015-01-01
2013,"Tocantins","Setembro",2.445,2013-01-01
2008,"Santa Catarina","Agosto",51,2008-01-01
2017,"Rio","Agosto",819,2017-01-01
2000,"Piau","Junho",18,2000-01-01
2008,"Mato Grosso","Setembro",1.62,2008-01-01
2003,"Distrito Federal","Fevereiro",1,2003-01-01
2012,"Alagoas","Fevereiro",41,2012-01-01
2016,"Goias","Junho",289,2016-01-01
1999,"Sao Paulo","Novembro",398,1999-01-01
2000,"Amapa","Janeiro",2,2000-01-01
2012,"Rondonia","Agosto",2.209,2012-01-01
2009,"Espirito Santo","Setembro",57,2009-01-01
2004,"Bahia","Novembro",1.736,2004-01-01
2015,"Mato Grosso","Mar�o",190,2015-01-01
2012,"Roraima","Maio",18,2012-01-01
2002,"Rio","Fevereiro",1,2002-01-01
2002,"Par�","Abril",11,2002-01-01
2002,"Rio","Dezembro",45,2002-01-01
2009,"Rio","Julho",0,2009-01-01
2000,"Ceara","Novembro",669,2000-01-01
2010,"Amapa","Maio",2,2010-01-01
2002,"Rio","Julho",17,2002-01-01
2011,"Acre","Agosto",425,2011-01-01
2002,"Amazonas","Outubro",695,2002-01-01
2014,"Espirito Santo","Junho",9,2014-01-01
1998,"Maranhao","Janeiro",0,1998-01-01
2007,"Piau","Junho",303,2007-01-01
2013,"Mato Grosso","Agosto",677,2013-01-01
2013,"Mato Grosso","Janeiro",174,2013-01-01
2009,"Pernambuco","Mar�o",15,2009-01-01
1998,"Roraima","Dezembro",16,1998-01-01
2005,"Distrito Federal","Outubro",18,2005-01-01
2006,"Ceara","Fevereiro",23,2006-01-01
2001,"Tocantins","Mar�o",0,2001-01-01
1999,"Rio","Fevereiro",0,1999-01-01
2006,"Pernambuco","Setembro",147,2006-01-01
2006,"Espirito Santo","Julho",11,2006-01-01
1998,"Bahia","Maio",0,1998-01-01
2001,"Amazonas","Fevereiro",8,2001-01-01
2001,"Mato Grosso","Julho",591,2001-01-01
2012,"Bahia","Maio",326,2012-01-01
2004,"Roraima","Junho",6,2004-01-01
2001,"Bahia","Junho",98,2001-01-01
2012,"Distrito Federal","Setembro",64,2012-01-01
2008,"Bahia","Julho",271,2008-01-01
2001,"Espirito Santo","Mar�o",2,2001-01-01
2004,"Piau","Outubro",2.144,2004-01-01
2004,"Rio","Abril",3,2004-01-01
2002,"Alagoas","Setembro",14,2002-01-01
2013,"Goias","Junho",192,2013-01-01
2009,"Ceara","Junho",0,2009-01-01
2006,"Sao Paulo","Maio",88,2006-01-01
1999,"Alagoas","Janeiro",58,1999-01-01
1998,"Paraiba","Novembro",143,1998-01-01
2015,"Mato Grosso","Julho",1.533,2015-01-01
1998,"Rio","Julho",21,1998-01-01
2002,"Goias","Dezembro",115,2002-01-01
2006,"Bahia","Junho",68,2006-01-01
1999,"Mato Grosso","Janeiro",239,1999-01-01
2000,"Sao Paulo","Julho",770,2000-01-01
2008,"Sao Paulo","Fevereiro",30,2008-01-01
1999,"Paraiba","Fevereiro",2,1999-01-01
2007,"Alagoas","Junho",0,2007-01-01
1999,"Roraima","Maio",0,1999-01-01
2000,"Minas Gerais","Setembro",1.08,2000-01-01
2006,"Acre","Julho",33,2006-01-01
2006,"Sao Paulo","Julho",245,2006-01-01
1999,"Rio","Abril",21,1999-01-01
1998,"Amazonas","Fevereiro",0,1998-01-01
2011,"Par�","Julho",632,2011-01-01
2003,"Par�","Janeiro",900,2003-01-01
2016,"Bahia","Novembro",408,2016-01-01
2000,"Distrito Federal","Julho",15,2000-01-01
1999,"Paraiba","Julho",94,1999-01-01
2011,"Minas Gerais","Junho",304,2011-01-01
2012,"Rio","Novembro",13,2012-01-01
2009,"Santa Catarina","Agosto",759,2009-01-01
2016,"Amapa","Novembro",1.161,2016-01-01
2017,"Piau","Janeiro",85,2017-01-01
2013,"Ceara","Fevereiro",49,2013-01-01
2006,"Goias","Mar�o",29,2006-01-01
2013,"Ceara","Outubro",466,2013-01-01
2017,"Minas Gerais","Outubro",3.062,2017-01-01
2016,"Rondonia","Fevereiro",88,2016-01-01
2012,"Espirito Santo","Janeiro",1,2012-01-01
2000,"Sao Paulo","Dezembro",23,2000-01-01
2010,"Espirito Santo","Abril",7,2010-01-01
2010,"Rio","Agosto",24,2010-01-01
2011,"Mato Grosso","Novembro",1.103,2011-01-01
2010,"Ceara","Setembro",357,2010-01-01
1999,"Ceara","Agosto",131,1999-01-01
1998,"Paraiba","Dezembro",51,1998-01-01
2014,"Goias","Janeiro",80,2014-01-01
2004,"Espirito Santo","Dezembro",9,2004-01-01
2000,"Espirito Santo","Dezembro",3,2000-01-01
2004,"Ceara","Fevereiro",5,2004-01-01
2016,"Sao Paulo","Novembro",39,2016-01-01
2004,"Amapa","Abril",0,2004-01-01
2004,"Sergipe","Julho",0,2004-01-01
2017,"Rondonia","Maio",31,2017-01-01
2010,"Maranhao","Junho",494,2010-01-01
2005,"Sergipe","Julho",0,2005-01-01
2004,"Ceara","Agosto",61,2004-01-01
2015,"Acre","Junho",40,2015-01-01
2014,"Piau","Setembro",2.536,2014-01-01
2007,"Mato Grosso","Maio",62,2007-01-01
1998,"Acre","Setembro",509,1998-01-01
2003,"Espirito Santo","Julho",27,2003-01-01
2002,"Amapa","Outubro",557,2002-01-01
2008,"Paraiba","Outubro",80,2008-01-01
2004,"Paraiba","Setembro",34,2004-01-01
2007,"Amazonas","Maio",0,2007-01-01
2003,"Minas Gerais","Mar�o",81,2003-01-01
2004,"Maranhao","Setembro",4.673,2004-01-01
2008,"Ceara","Setembro",177,2008-01-01
2004,"Minas Gerais","Abril",48,2004-01-01
2005,"Roraima","Agosto",9,2005-01-01
2010,"Amazonas","Abril",11,2010-01-01
2015,"Maranhao","Novembro",4.35,2015-01-01
2009,"Sao Paulo","Julho",110,2009-01-01
2014,"Mato Grosso","Outubro",5.281,2014-01-01
2000,"Paraiba","Setembro",381,2000-01-01
2009,"Sao Paulo","Outubro",64,2009-01-01
2017,"Rio","Fevereiro",10,2017-01-01
2010,"Rio","Maio",3,2010-01-01
2006,"Distrito Federal","Agosto",40,2006-01-01
2006,"Par�","Outubro",5.964,2006-01-01
1998,"Alagoas","Outubro",20,1998-01-01
2004,"Amazonas","Maio",0,2004-01-01
2004,"Piau","Maio",80,2004-01-01
2005,"Rio","Fevereiro",4,2005-01-01
2002,"Rondonia","Novembro",639,2002-01-01
2013,"Rio","Abril",7,2013-01-01
2012,"Distrito Federal","Outubro",15,2012-01-01
2000,"Rondonia","Maio",13,2000-01-01
2001,"Rondonia","Outubro",796,2001-01-01
2013,"Sergipe","Janeiro",34,2013-01-01
2012,"Minas Gerais","Fevereiro",123,2012-01-01
2002,"Rio","Abril",6,2002-01-01
1998,"Rio","Abril",0,1998-01-01
2017,"Rio","Novembro",89,2017-01-01
2008,"Paraiba","Mar�o",43,2008-01-01
2013,"Par�","Agosto",2.161,2013-01-01
2011,"Rio","Outubro",76,2011-01-01
2003,"Goias","Junho",321,2003-01-01
2016,"Distrito Federal","Fevereiro",2,2016-01-01
2000,"Rondonia","Fevereiro",6,2000-01-01
2005,"Distrito Federal","Janeiro",0,2005-01-01
2006,"Rondonia","Outubro",1.148,2006-01-01
2001,"Espirito Santo","Agosto",30,2001-01-01
2001,"Rio","Dezembro",20,2001-01-01
2008,"Rio","Mar�o",3,2008-01-01
2014,"Acre","Novembro",56,2014-01-01
2013,"Paraiba","Dezembro",155,2013-01-01
2007,"Par�","Janeiro",467,2007-01-01
2017,"Mato Grosso","Abril",59,2017-01-01
2016,"Rondonia","Janeiro",93,2016-01-01
1999,"Paraiba","Novembro",38,1999-01-01
2012,"Santa Catarina","Abril",40,2012-01-01
2013,"Sergipe","Novembro",7,2013-01-01
2007,"Amapa","Junho",0,2007-01-01
2006,"Goias","Dezembro",7,2006-01-01
2013,"Minas Gerais","Maio",150,2013-01-01
2009,"Piau","Julho",302,2009-01-01
2010,"Goias","Mar�o",65,2010-01-01
2008,"Bahia","Novembro",3.175,2008-01-01
2004,"Amazonas","Dezembro",53,2004-01-01
2013,"Ceara","Setembro",177,2013-01-01
2011,"Par�","Outubro",3.141,2011-01-01
2012,"Rio","Abril",41,2012-01-01
2005,"Sao Paulo","Mar�o",73,2005-01-01
2016,"Minas Gerais","Janeiro",61,2016-01-01
2005,"Rio","Novembro",227,2005-01-01
1999,"Roraima","Janeiro",15,1999-01-01
2014,"Rio","Agosto",199,2014-01-01
2009,"Amapa","Fevereiro",0,2009-01-01
2014,"Par�","Junho",319,2014-01-01
2016,"Sao Paulo","Fevereiro",188,2016-01-01
2016,"Santa Catarina","Fevereiro",10,2016-01-01
2012,"Espirito Santo","Mar�o",35,2012-01-01
2017,"Goias","Novembro",117,2017-01-01
2006,"Acre","Maio",8,2006-01-01
1998,"Piau","Maio",0,1998-01-01
2005,"Santa Catarina","Fevereiro",46,2005-01-01
2012,"Ceara","Dezembro",631,2012-01-01
2015,"Distrito Federal","Fevereiro",0,2015-01-01
2003,"Rondonia","Mar�o",13,2003-01-01
2016,"Paraiba","Julho",504,2016-01-01
2013,"Bahia","Mar�o",363,2013-01-01
2008,"Pernambuco","Maio",0,2008-01-01
2008,"Tocantins","Maio",81,2008-01-01
2009,"Paraiba","Janeiro",35,2009-01-01
2000,"Paraiba","Abril",51,2000-01-01
2007,"Amapa","Julho",0,2007-01-01
2016,"Mato Grosso","Abril",161,2016-01-01
2011,"Rio","Setembro",22,2011-01-01
2009,"Paraiba","Fevereiro",9,2009-01-01
2016,"Pernambuco","Setembro",171,2016-01-01
2016,"Goias","Dezembro",64,2016-01-01
2005,"Sergipe","Outubro",11,2005-01-01
2013,"Amapa","Mar�o",0,2013-01-01
2014,"Distrito Federal","Outubro",34,2014-01-01
2014,"Mato Grosso","Abril",859,2014-01-01
1999,"Par�","Julho",982,1999-01-01
2001,"Pernambuco","Setembro",298,2001-01-01
2008,"Distrito Federal","Janeiro",0,2008-01-01
2016,"Amazonas","Julho",1.137,2016-01-01
2012,"Paraiba","Maio",86,2012-01-01
2016,"Paraiba","Abril",1,2016-01-01
2003,"Piau","Fevereiro",3,2003-01-01
2007,"Rio","Abril",4,2007-01-01
2007,"Ceara","Agosto",182,2007-01-01
2003,"Rio","Abril",2,2003-01-01
1999,"Minas Gerais","Mar�o",13,1999-01-01
2003,"Mato Grosso","Dezembro",1.622,2003-01-01
2013,"Mato Grosso","Janeiro",269,2013-01-01
2015,"Mato Grosso","Outubro",507,2015-01-01
2017,"Paraiba","Junho",0,2017-01-01
2005,"Rondonia","Outubro",2.559,2005-01-01
2006,"Alagoas","Outubro",32,2006-01-01
1998,"Pernambuco","Novembro",141,1998-01-01
2011,"Distrito Federal","Maio",3,2011-01-01
2010,"Rio","Julho",55,2010-01-01
2001,"Piau","Janeiro",29,2001-01-01
2007,"Bahia","Setembro",7.438,2007-01-01
2017,"Distrito Federal","Junho",23,2017-01-01
1999,"Tocantins","Maio",24,1999-01-01
2016,"Rio","Novembro",105,2016-01-01
2004,"Amapa","Novembro",949,2004-01-01
2003,"Maranhao","Setembro",5.878,2003-01-01
1999,"Mato Grosso","Setembro",2.969,1999-01-01
2012,"Paraiba","Fevereiro",15,2012-01-01
2006,"Amapa","Outubro",405,2006-01-01
2011,"Ceara","Maio",0,2011-01-01
2011,"Paraiba","Fevereiro",5,2011-01-01
2003,"Rio","Fevereiro",10,2003-01-01
2001,"Paraiba","Setembro",258,2001-01-01
2015,"Ceara","Junho",22,2015-01-01
1998,"Amapa","Fevereiro",0,1998-01-01
2012,"Piau","Janeiro",80,2012-01-01
2017,"Piau","Junho",193,2017-01-01
2005,"Bahia","Agosto",948,2005-01-01
2015,"Bahia","Maio",144,2015-01-01
2010,"Rio","Setembro",353,2010-01-01
2011,"Paraiba","Novembro",359,2011-01-01
2006,"Pernambuco","Mar�o",18,2006-01-01
2002,"Sao Paulo","Mar�o",111,2002-01-01
1999,"Santa Catarina","Novembro",84,1999-01-01
2008,"Amapa","Novembro",266,2008-01-01
2017,"Mato Grosso","Julho",2.79,2017-01-01
2003,"Ceara","Dezembro",2.436,2003-01-01
1998,"Amapa","Outubro",42,1998-01-01
2016,"Maranhao","Julho",2.096,2016-01-01
2017,"Amazonas","Fevereiro",52,2017-01-01
2003,"Amapa","Mar�o",1,2003-01-01
2006,"Paraiba","Novembro",60,2006-01-01
2005,"Maranhao","Janeiro",450,2005-01-01
2002,"Maranhao","Fevereiro",116,2002-01-01
2011,"Espirito Santo","Agosto",93,2011-01-01
2014,"Amapa","Fevereiro",2,2014-01-01
2012,"Sergipe","Setembro",1,2012-01-01
2006,"Piau","Setembro",1.618,2006-01-01
2011,"Par�","Janeiro",108,2011-01-01
2017,"Rio","Setembro",728,2017-01-01
2016,"Tocantins","Agosto",3.213,2016-01-01
2000,"Par�","Setembro",2.569,2000-01-01
2000,"Sao Paulo","Junho",606,2000-01-01
2008,"Paraiba","Mar�o",8,2008-01-01
2008,"Alagoas","Novembro",37,2008-01-01
2000,"Rondonia","Dezembro",7,2000-01-01
2000,"Sergipe","Fevereiro",6,2000-01-01
2008,"Rondonia","Outubro",1.482,2008-01-01
2008,"Rio","Outubro",53,2008-01-01
2014,"Paraiba","Junho",1,2014-01-01
2011,"Rio","Abril",12,2011-01-01
1999,"Santa Catarina","Janeiro",11,1999-01-01
2011,"Rondonia","Outubro",822,2011-01-01
2015,"Paraiba","Mar�o",7,2015-01-01
2009,"Distrito Federal","Setembro",5,2009-01-01
2004,"Distrito Federal","Fevereiro",0,2004-01-01
1998,"Roraima","Julho",1,1998-01-01
2010,"Par�","Novembro",4.417,2010-01-01
1999,"Piau","Outubro",1.438,1999-01-01
2005,"Rio","Setembro",189,2005-01-01
2015,"Paraiba","Setembro",599,2015-01-01
2014,"Minas Gerais","Setembro",3.454,2014-01-01
2012,"Distrito Federal","Junho",6,2012-01-01
2004,"Mato Grosso","Outubro",9.295,2004-01-01
2007,"Espirito Santo","Fevereiro",3,2007-01-01
2014,"Santa Catarina","Novembro",43,2014-01-01
2001,"Minas Gerais","Mar�o",13,2001-01-01
2017,"Maranhao","Junho",885,2017-01-01
2004,"Paraiba","Outubro",190,2004-01-01
2006,"Mato Grosso","Maio",269,2006-01-01
2012,"Sao Paulo","Julho",179,2012-01-01
2004,"Par�","Janeiro",579,2004-01-01
2008,"Paraiba","Abril",0,2008-01-01
2004,"Amazonas","Fevereiro",92,2004-01-01
2015,"Paraiba","Novembro",206,2015-01-01
1999,"Rio","Janeiro",32,1999-01-01
2016,"Santa Catarina","Mar�o",21,2016-01-01
2014,"Espirito Santo","Fevereiro",17,2014-01-01
2006,"Tocantins","Outubro",1.176,2006-01-01
2017,"Distrito Federal","Agosto",147,2017-01-01
2000,"Rio","Julho",6,2000-01-01
2010,"Par�","Fevereiro",102,2010-01-01
2010,"Tocantins","Julho",2.408,2010-01-01
2008,"Mato Grosso","Maio",34,2008-01-01
2011,"Maranhao","Janeiro",124,2011-01-01
2013,"Amapa","Abril",2,2013-01-01
1999,"Goias","Janeiro",14,1999-01-01
2001,"Distrito Federal","Julho",22,2001-01-01
2000,"Espirito Santo","Mar�o",1,2000-01-01
2008,"Paraiba","Novembro",39,2008-01-01
2014,"Sao Paulo","Novembro",56,2014-01-01
2000,"Rio","Maio",3,2000-01-01
2012,"Pernambuco","Janeiro",146,2012-01-01
2010,"Sao Paulo","Mar�o",111,2010-01-01
2015,"Bahia","Outubro",4.989,2015-01-01
2009,"Amazonas","Novembro",973,2009-01-01
2009,"Bahia","Setembro",3.61,2009-01-01
2001,"Amazonas","Julho",9,2001-01-01
2011,"Amazonas","Janeiro",53,2011-01-01
2006,"Paraiba","Mar�o",4,2006-01-01
2016,"Tocantins","Maio",778,2016-01-01
2009,"Sergipe","Junho",2,2009-01-01
2001,"Sergipe","Julho",0,2001-01-01
2017,"Amazonas","Outubro",1.581,2017-01-01
2009,"Paraiba","Novembro",428,2009-01-01
2009,"Tocantins","Dezembro",46,2009-01-01
2005,"Sao Paulo","Fevereiro",78,2005-01-01
2016,"Bahia","Agosto",724,2016-01-01
2004,"Santa Catarina","Maio",2,2004-01-01
2007,"Mato Grosso","Junho",141,2007-01-01
2013,"Pernambuco","Novembro",110,2013-01-01
2009,"Rio","Julho",56,2009-01-01
2009,"Goias","Janeiro",30,2009-01-01
2002,"Distrito Federal","Setembro",33,2002-01-01
2009,"Piau","Maio",12,2009-01-01
2000,"Mato Grosso","Outubro",6.062,2000-01-01
2000,"Sergipe","Novembro",0,2000-01-01
2016,"Maranhao","Mar�o",113,2016-01-01
2003,"Amapa","Fevereiro",0,2003-01-01
2002,"Rio","Maio",6,2002-01-01
2000,"Amapa","Junho",0,2000-01-01
2002,"Amazonas","Agosto",741,2002-01-01
2011,"Distrito Federal","Abril",1,2011-01-01
2006,"Rondonia","Dezembro",4,2006-01-01
2007,"Piau","Mar�o",31,2007-01-01
2008,"Mato Grosso","Dezembro",208,2008-01-01
2001,"Rio","Fevereiro",0,2001-01-01
2013,"Mato Grosso","Mar�o",158,2013-01-01
2001,"Amazonas","Novembro",244,2001-01-01
2015,"Maranhao","Junho",887,2015-01-01
2008,"Rio","Abril",0,2008-01-01
2015,"Paraiba","Novembro",18,2015-01-01
2006,"Acre","Outubro",316,2006-01-01
2016,"Par�","Outubro",5.281,2016-01-01
2012,"Mato Grosso","Maio",157,2012-01-01
2002,"Acre","Novembro",86,2002-01-01
1999,"Paraiba","Abril",3,1999-01-01
1999,"Paraiba","Dezembro",40,1999-01-01
1998,"Minas Gerais","Maio",0,1998-01-01
1998,"Tocantins","Janeiro",0,1998-01-01
2009,"Roraima","Junho",16,2009-01-01
2005,"Santa Catarina","Maio",21,2005-01-01
2012,"Paraiba","Mar�o",4,2012-01-01
2009,"Acre","Outubro",565,2009-01-01
2005,"Minas Gerais","Mar�o",107,2005-01-01
2011,"Sergipe","Dezembro",36,2011-01-01
1999,"Amazonas","Setembro",216,1999-01-01
2001,"Pernambuco","Abril",2,2001-01-01
2010,"Alagoas","Setembro",5,2010-01-01
2004,"Roraima","Julho",2,2004-01-01
1999,"Acre","Novembro",0,1999-01-01
2013,"Alagoas","Novembro",10,2013-01-01
2003,"Sergipe","Maio",2,2003-01-01
2014,"Alagoas","Maio",1,2014-01-01
1998,"Rondonia","Abril",0,1998-01-01
2006,"Tocantins","Junho",289,2006-01-01
2014,"Rondonia","Junho",92,2014-01-01
2004,"Bahia","Mar�o",115,2004-01-01
1999,"Sergipe","Fevereiro",25,1999-01-01
2002,"Paraiba","Agosto",1.593,2002-01-01
2000,"Santa Catarina","Dezembro",29,2000-01-01
2005,"Paraiba","Junho",0,2005-01-01
2000,"Rio","Dezembro",80,2000-01-01
2013,"Rondonia","Dezembro",143,2013-01-01
2001,"Paraiba","Mar�o",0,2001-01-01
2001,"Espirito Santo","Janeiro",1,2001-01-01
2000,"Amazonas","Junho",6,2000-01-01
2015,"Espirito Santo","Mar�o",25,2015-01-01
2015,"Rondonia","Fevereiro",22,2015-01-01
2003,"Alagoas","Dezembro",43,2003-01-01
2012,"Rondonia","Novembro",174,2012-01-01
1998,"Minas Gerais","Abril",0,1998-01-01
2011,"Rio","Mar�o",31,2011-01-01
2006,"Acre","Dezembro",0,2006-01-01
2004,"Tocantins","Junho",1.079,2004-01-01
1998,"Rio","Janeiro",0,1998-01-01
2014,"Maranhao","Dezembro",2.4,2014-01-01
2008,"Minas Gerais","Novembro",892,2008-01-01
1999,"Bahia","Julho",107,1999-01-01
2001,"Rio","Abril",2,2001-01-01
1998,"Tocantins","Mar�o",0,1998-01-01
2006,"Amapa","Setembro",112,2006-01-01
2008,"Amazonas","Dezembro",0,2008-01-01
2001,"Acre","Abril",0,2001-01-01
2005,"Rondonia","Abril",7,2005-01-01
2007,"Paraiba","Julho",1,2007-01-01
2002,"Rondonia","Fevereiro",8,2002-01-01
2016,"Rondonia","Agosto",3.675,2016-01-01
2003,"Distrito Federal","Abril",0,2003-01-01
2017,"Espirito Santo","Mar�o",9,2017-01-01
2016,"Pernambuco","Mar�o",4,2016-01-01
2010,"Bahia","Julho",519,2010-01-01
2013,"Maranhao","Mar�o",30,2013-01-01
2009,"Amazonas","Dezembro",102,2009-01-01
1998,"Santa Catarina","Maio",0,1998-01-01
2014,"Alagoas","Abril",16,2014-01-01
2015,"Paraiba","Agosto",651,2015-01-01
1998,"Minas Gerais","Janeiro",0,1998-01-01
2011,"Alagoas","Dezembro",50,2011-01-01
2002,"Bahia","Mar�o",146,2002-01-01
2010,"Rondonia","Fevereiro",9,2010-01-01
2017,"Sergipe","Novembro",1,2017-01-01
2005,"Maranhao","Julho",1.152,2005-01-01
2011,"Amapa","Fevereiro",3,2011-01-01
2006,"Alagoas","Janeiro",29,2006-01-01
2008,"Rondonia","Agosto",1.251,2008-01-01
2003,"Sergipe","Dezembro",36,2003-01-01
2016,"Par�","Maio",154,2016-01-01
2003,"Sao Paulo","Abril",106,2003-01-01
2001,"Piau","Abril",1,2001-01-01
1999,"Distrito Federal","Outubro",8,1999-01-01
2004,"Rio","Mar�o",1,2004-01-01
1998,"Amazonas","Outubro",83,1998-01-01
2015,"Goias","Abril",89,2015-01-01
2016,"Paraiba","Mar�o",1,2016-01-01
2004,"Roraima","Mar�o",276,2004-01-01
2009,"Alagoas","Maio",0,2009-01-01
2017,"Ceara","Setembro",505,2017-01-01
2005,"Mato Grosso","Fevereiro",871,2005-01-01
2001,"Mato Grosso","Maio",1.193,2001-01-01
2006,"Rondonia","Maio",7,2006-01-01
2002,"Roraima","Mar�o",820,2002-01-01
1998,"Piau","Julho",189,1998-01-01
1998,"Par�","Agosto",6.815,1998-01-01
2007,"Paraiba","Mar�o",54,2007-01-01
2007,"Roraima","Junho",1,2007-01-01
1998,"Maranhao","Dezembro",1.399,1998-01-01
1998,"Goias","Julho",512,1998-01-01
2004,"Ceara","Janeiro",143,2004-01-01
2013,"Rio","Janeiro",22,2013-01-01
2016,"Rio","Julho",13,2016-01-01
2013,"Rondonia","Setembro",1.776,2013-01-01
2007,"Amapa","Abril",0,2007-01-01
2011,"Sergipe","Mar�o",47,2011-01-01
2010,"Minas Gerais","Outubro",2.048,2010-01-01
2010,"Amazonas","Agosto",3.727,2010-01-01
2007,"Minas Gerais","Novembro",1.305,2007-01-01
2008,"Goias","Julho",193,2008-01-01
2017,"Par�","Novembro",9.079,2017-01-01
2002,"Alagoas","Outubro",30,2002-01-01
2002,"Piau","Agosto",2.28,2002-01-01
1998,"Amapa","Mar�o",0,1998-01-01
2011,"Distrito Federal","Agosto",61,2011-01-01
2008,"Par�","Novembro",2.403,2008-01-01
2013,"Maranhao","Maio",100,2013-01-01
2007,"Amapa","Agosto",5,2007-01-01
2008,"Paraiba","Julho",87,2008-01-01
2013,"Sergipe","Maio",1,2013-01-01
2002,"Par�","Outubro",5.189,2002-01-01
2014,"Acre","Agosto",1.1,2014-01-01
2017,"Mato Grosso","Agosto",6.229,2017-01-01
2005,"Rondonia","Julho",798,2005-01-01
2016,"Pernambuco","Dezembro",161,2016-01-01
2004,"Rio","Julho",156,2004-01-01
2007,"Minas Gerais","Dezembro",95,2007-01-01
2015,"Rondonia","Janeiro",30,2015-01-01
2017,"Par�","Fevereiro",14,2017-01-01
2011,"Goias","Julho",607,2011-01-01
2007,"Rio","Julho",15,2007-01-01
2008,"Roraima","Mar�o",422,2008-01-01
2008,"Acre","Setembro",1.666,2008-01-01
2017,"Roraima","Julho",3,2017-01-01
2016,"Sergipe","Setembro",2,2016-01-01
2011,"Amazonas","Julho",271,2011-01-01
2016,"Mato Grosso","Maio",97,2016-01-01
2010,"Sergipe","Maio",0,2010-01-01
2004,"Distrito Federal","Novembro",0,2004-01-01
2000,"Distrito Federal","Mar�o",0,2000-01-01
2015,"Piau","Junho",283,2015-01-01
2002,"Distrito Federal","Maio",1,2002-01-01
2011,"Rio","Janeiro",10,2011-01-01
2001,"Rio","Janeiro",2,2001-01-01
2014,"Sergipe","Novembro",9,2014-01-01
1998,"Maranhao","Setembro",3.935,1998-01-01
2010,"Minas Gerais","Agosto",3.353,2010-01-01
2005,"Pernambuco","Novembro",452,2005-01-01
2009,"Rondonia","Agosto",484,2009-01-01
2007,"Roraima","Setembro",9,2007-01-01
2008,"Sao Paulo","Novembro",20,2008-01-01
2014,"Goias","Setembro",1.687,2014-01-01
2003,"Mato Grosso","Outubro",541,2003-01-01
2008,"Pernambuco","Mar�o",32,2008-01-01
2011,"Pernambuco","Novembro",352,2011-01-01
2013,"Ceara","Abril",4,2013-01-01
2007,"Mato Grosso","Julho",1.79,2007-01-01
2002,"Paraiba","Mar�o",3,2002-01-01
2008,"Amapa","Dezembro",32,2008-01-01
2010,"Bahia","Agosto",2.423,2010-01-01
2000,"Paraiba","Abril",1,2000-01-01
2004,"Piau","Novembro",1.798,2004-01-01
1998,"Rondonia","Novembro",3,1998-01-01
2004,"Rio","Outubro",26,2004-01-01
2009,"Amazonas","Outubro",2.189,2009-01-01
2007,"Bahia","Janeiro",373,2007-01-01
2011,"Mato Grosso","Agosto",2.628,2011-01-01
2010,"Amapa","Junho",0,2010-01-01
2013,"Mato Grosso","Maio",72,2013-01-01
2004,"Acre","Julho",42,2004-01-01
1998,"Alagoas","Setembro",14,1998-01-01
2016,"Acre","Julho",533,2016-01-01
2016,"Bahia","Dezembro",164,2016-01-01
1998,"Piau","Janeiro",0,1998-01-01
2013,"Goias","Novembro",183,2013-01-01
2011,"Piau","Setembro",4.402,2011-01-01
2000,"Paraiba","Outubro",658,2000-01-01
2006,"Roraima","Mar�o",385,2006-01-01
2012,"Minas Gerais","Outubro",3.97,2012-01-01
2003,"Acre","Novembro",15,2003-01-01
2004,"Distrito Federal","Dezembro",0,2004-01-01
1998,"Rio","Mar�o",0,1998-01-01
1999,"Paraiba","Fevereiro",22,1999-01-01
2000,"Rondonia","Abril",0,2000-01-01
2002,"Rondonia","Outubro",3.554,2002-01-01
2015,"Rio","Dezembro",42,2015-01-01
1999,"Amazonas","Dezembro",2,1999-01-01
2001,"Distrito Federal","Agosto",25,2001-01-01
2000,"Paraiba","Maio",43,2000-01-01
2008,"Alagoas","Fevereiro",74,2008-01-01
1998,"Ceara","Setembro",590,1998-01-01
2013,"Amapa","Fevereiro",0,2013-01-01
2004,"Pernambuco","Maio",2,2004-01-01
2017,"Mato Grosso","Fevereiro",165,2017-01-01
2004,"Goias","Novembro",291,2004-01-01
2002,"Par�","Agosto",15.664,2002-01-01
2008,"Sao Paulo","Dezembro",36,2008-01-01
1999,"Maranhao","Maio",3,1999-01-01
2009,"Paraiba","Agosto",4,2009-01-01
2003,"Ceara","Maio",0,2003-01-01
2007,"Goias","Dezembro",16,2007-01-01
2004,"Bahia","Fevereiro",122,2004-01-01
2002,"Espirito Santo","Fevereiro",4,2002-01-01
2007,"Ceara","Dezembro",1.177,2007-01-01
2003,"Alagoas","Abril",20,2003-01-01
1999,"Sao Paulo","Fevereiro",47,1999-01-01
2011,"Rio","Junho",33,2011-01-01
2009,"Paraiba","Maio",0,2009-01-01
2014,"Mato Grosso","Junho",84,2014-01-01
2007,"Rio","Outubro",88,2007-01-01
2014,"Paraiba","Dezembro",78,2014-01-01
1999,"Espirito Santo","Setembro",64,1999-01-01
2015,"Alagoas","Janeiro",81,2015-01-01
2007,"Amazonas","Agosto",2.241,2007-01-01
2013,"Mato Grosso","Maio",739,2013-01-01
2010,"Rio","Julho",34,2010-01-01
2004,"Espirito Santo","Maio",0,2004-01-01
1998,"Mato Grosso","Fevereiro",0,1998-01-01
2009,"Rio","Janeiro",65,2009-01-01
2012,"Mato Grosso","Agosto",2.951,2012-01-01
2003,"Acre","Agosto",1.976,2003-01-01
2003,"Pernambuco","Setembro",510,2003-01-01
2017,"Sergipe","Janeiro",31,2017-01-01
2007,"Piau","Fevereiro",11,2007-01-01
2005,"Amapa","Agosto",4,2005-01-01
2006,"Paraiba","Junho",62,2006-01-01
2001,"Mato Grosso","Maio",112,2001-01-01
2015,"Ceara","Abril",3,2015-01-01
1998,"Rio","Abril",0,1998-01-01
2014,"Maranhao","Agosto",5.592,2014-01-01
2002,"Rondonia","Mar�o",1,2002-01-01
2002,"Mato Grosso","Agosto",14.086,2002-01-01
2001,"Alagoas","Mar�o",0,2001-01-01
2017,"Rio","Maio",15,2017-01-01
2011,"Santa Catarina","Novembro",79,2011-01-01
2003,"Alagoas","Mar�o",15,2003-01-01
2016,"Santa Catarina","Setembro",644,2016-01-01
2002,"Sao Paulo","Janeiro",19,2002-01-01
2014,"Acre","Dezembro",6,2014-01-01
2012,"Rondonia","Abril",12,2012-01-01
2011,"Par�","Mar�o",21,2011-01-01
2016,"Mato Grosso","Julho",687,2016-01-01
2015,"Minas Gerais","Novembro",1.453,2015-01-01
2005,"Goias","Novembro",144,2005-01-01
2004,"Rio","Dezembro",284,2004-01-01
2008,"Par�","Fevereiro",54,2008-01-01
2006,"Rio","Outubro",160,2006-01-01
2002,"Amazonas","Fevereiro",2,2002-01-01
2009,"Santa Catarina","Maio",33,2009-01-01
2009,"Amapa","Abril",0,2009-01-01
2013,"Paraiba","Novembro",126,2013-01-01
2002,"Mato Grosso","Setembro",11.034,2002-01-01
2011,"Tocantins","Junho",717,2011-01-01
2004,"Espirito Santo","Fevereiro",5,2004-01-01
2012,"Santa Catarina","Novembro",72,2012-01-01
2013,"Rio","Mar�o",44,2013-01-01
2013,"Santa Catarina","Novembro",84,2013-01-01
2014,"Ceara","Mar�o",6,2014-01-01
2006,"Rio","Setembro",197,2006-01-01
2004,"Mato Grosso","Maio",2.413,2004-01-01
2013,"Amazonas","Agosto",1.276,2013-01-01
2015,"Rio","Setembro",222,2015-01-01
2016,"Rio","Mar�o",1,2016-01-01
2012,"Minas Gerais","Abril",180,2012-01-01
2003,"Santa Catarina","Mar�o",58,2003-01-01
2015,"Piau","Agosto",2.057,2015-01-01
2006,"Santa Catarina","Junho",32,2006-01-01
2011,"Espirito Santo","Maio",2,2011-01-01
2016,"Espirito Santo","Julho",42,2016-01-01
2017,"Maranhao","Abril",91,2017-01-01
1998,"Maranhao","Julho",274,1998-01-01
2008,"Piau","Abril",7,2008-01-01
2001,"Sergipe","Outubro",5,2001-01-01
2003,"Bahia","Janeiro",439,2003-01-01
2017,"Goias","Abril",60,2017-01-01
2010,"Acre","Junho",1,2010-01-01
2005,"Tocantins","Junho",669,2005-01-01
2004,"Amapa","Maio",0,2004-01-01
2004,"Alagoas","Maio",3,2004-01-01
2016,"Minas Gerais","Agosto",1.433,2016-01-01
2017,"Amazonas","Julho",1.975,2017-01-01
2014,"Mato Grosso","Agosto",7.167,2014-01-01
2017,"Pernambuco","Junho",5,2017-01-01
2011,"Distrito Federal","Julho",53,2011-01-01
2003,"Tocantins","Junho",329,2003-01-01
2011,"Amazonas","Mar�o",49,2011-01-01
2013,"Roraima","Setembro",18,2013-01-01
1999,"Distrito Federal","Maio",0,1999-01-01
2012,"Goias","Outubro",1.524,2012-01-01
2002,"Pernambuco","Abril",5,2002-01-01
2009,"Piau","Fevereiro",19,2009-01-01
2011,"Sao Paulo","Dezembro",53,2011-01-01
2003,"Rondonia","Setembro",6.89,2003-01-01
2001,"Acre","Maio",0,2001-01-01
2016,"Minas Gerais","Maio",186,2016-01-01
2004,"Rio","Julho",5,2004-01-01
2014,"Maranhao","Abril",78,2014-01-01
2004,"Amapa","Janeiro",38,2004-01-01
2010,"Amazonas","Junho",9,2010-01-01
1998,"Rondonia","Maio",0,1998-01-01
2008,"Distrito Federal","Dezembro",0,2008-01-01
2015,"Paraiba","Outubro",121,2015-01-01
2004,"Tocantins","Setembro",5.308,2004-01-01
2002,"Bahia","Julho",549,2002-01-01
2007,"Amapa","Outubro",162,2007-01-01
1999,"Goias","Agosto",1.198,1999-01-01
2011,"Rio","Outubro",74,2011-01-01
2003,"Minas Gerais","Agosto",1.955,2003-01-01
2016,"Bahia","Julho",345,2016-01-01
2008,"Espirito Santo","Julho",5,2008-01-01
2009,"Tocantins","Outubro",718,2009-01-01
2016,"Paraiba","Janeiro",113,2016-01-01
2016,"Roraima","Fevereiro",171,2016-01-01
2009,"Piau","Agosto",790,2009-01-01
2013,"Bahia","Julho",362,2013-01-01
2011,"Roraima","Janeiro",225,2011-01-01
2009,"Piau","Dezembro",570,2009-01-01
2017,"Amapa","Janeiro",2,2017-01-01
2006,"Santa Catarina","Abril",30,2006-01-01
2011,"Distrito Federal","Outubro",0,2011-01-01
2012,"Bahia","Mar�o",404,2012-01-01
2002,"Piau","Abril",87,2002-01-01
2010,"Acre","Mar�o",0,2010-01-01
2015,"Acre","Novembro",115,2015-01-01
2008,"Roraima","Junho",0,2008-01-01
2001,"Ceara","Outubro",2.045,2001-01-01
2004,"Piau","Fevereiro",20,2004-01-01
2004,"Amapa","Dezembro",777,2004-01-01
2013,"Rondonia","Julho",117,2013-01-01
2004,"Par�","Dezembro",5.508,2004-01-01
2012,"Goias","Abril",89,2012-01-01
2008,"Tocantins","Setembro",2.39,2008-01-01
2005,"Amazonas","Setembro",2.812,2005-01-01
2002,"Rio","Outubro",140,2002-01-01
2002,"Distrito Federal","Julho",33,2002-01-01
2017,"Sergipe","Abril",8,2017-01-01
2010,"Goias","Setembro",5.075,2010-01-01
2007,"Acre","Setembro",2.08,2007-01-01
2008,"Paraiba","Novembro",175,2008-01-01
2017,"Tocantins","Julho",2.397,2017-01-01
2000,"Rio","Outubro",28,2000-01-01
2007,"Pernambuco","Outubro",702,2007-01-01
2013,"Rio","Fevereiro",24,2013-01-01
2014,"Rio","Dezembro",47,2014-01-01
2000,"Piau","Dezembro",79,2000-01-01
2016,"Piau","Maio",60,2016-01-01
2005,"Sao Paulo","Agosto",522,2005-01-01
2012,"Tocantins","Fevereiro",45,2012-01-01
2015,"Espirito Santo","Junho",18,2015-01-01
1999,"Rondonia","Setembro",3.062,1999-01-01
2013,"Alagoas","Maio",2,2013-01-01
2005,"Ceara","Mar�o",5,2005-01-01
2007,"Roraima","Agosto",2,2007-01-01
2012,"Goias","Junho",245,2012-01-01
2017,"Sao Paulo","Novembro",37,2017-01-01
2002,"Amapa","Dezembro",200,2002-01-01
2011,"Pernambuco","Julho",2,2011-01-01
2017,"Minas Gerais","Abril",69,2017-01-01
2008,"Rondonia","Janeiro",4,2008-01-01
2004,"Mato Grosso","Abril",441,2004-01-01
2001,"Bahia","Dezembro",158,2001-01-01
1999,"Par�","Janeiro",87,1999-01-01
2008,"Minas Gerais","Setembro",2.552,2008-01-01
2010,"Rio","Novembro",212,2010-01-01
2004,"Pernambuco","Julho",13,2004-01-01
2001,"Ceara","Julho",146,2001-01-01
2015,"Maranhao","Julho",1.642,2015-01-01
2006,"Par�","Abril",2,2006-01-01
2014,"Sergipe","Setembro",4,2014-01-01
2000,"Rio","Mar�o",51,2000-01-01
2006,"Rio","Fevereiro",7,2006-01-01
1998,"Alagoas","Janeiro",0,1998-01-01
2014,"Amazonas","Junho",74,2014-01-01
2006,"Tocantins","Maio",35,2006-01-01
2006,"Rondonia","Novembro",253,2006-01-01
2016,"Sergipe","Janeiro",9,2016-01-01
1999,"Mato Grosso","Agosto",4.355,1999-01-01
2002,"Santa Catarina","Julho",82,2002-01-01
2015,"Mato Grosso","Novembro",276,2015-01-01
2013,"Paraiba","Dezembro",78,2013-01-01
2015,"Acre","Julho",109,2015-01-01
2004,"Maranhao","Agosto",1.889,2004-01-01
2013,"Pernambuco","Abril",11,2013-01-01
2008,"Mato Grosso","Junho",403,2008-01-01
2003,"Mato Grosso","Agosto",953,2003-01-01
2011,"Mato Grosso","Mar�o",252,2011-01-01
2008,"Paraiba","Fevereiro",20,2008-01-01
2017,"Mato Grosso","Junho",175,2017-01-01
2017,"Distrito Federal","Mar�o",0,2017-01-01
2015,"Pernambuco","Fevereiro",55,2015-01-01
2015,"Paraiba","Abril",11,2015-01-01
2014,"Piau","Fevereiro",14,2014-01-01
2004,"Paraiba","Fevereiro",42,2004-01-01
2004,"Amapa","Junho",5,2004-01-01
2000,"Espirito Santo","Outubro",88,2000-01-01
2010,"Piau","Janeiro",99,2010-01-01
2002,"Alagoas","Dezembro",95,2002-01-01
2000,"Santa Catarina","Agosto",69,2000-01-01
1998,"Rondonia","Setembro",3.753,1998-01-01
2011,"Rio","Dezembro",125,2011-01-01
2012,"Alagoas","Julho",0,2012-01-01
2004,"Pernambuco","Mar�o",6,2004-01-01
2011,"Espirito Santo","Dezembro",1,2011-01-01
2002,"Ceara","Janeiro",33,2002-01-01
2007,"Goias","Mar�o",49,2007-01-01
2007,"Pernambuco","Fevereiro",21,2007-01-01
2002,"Amazonas","Novembro",259,2002-01-01
2014,"Espirito Santo","Agosto",47,2014-01-01
2002,"Pernambuco","Fevereiro",19,2002-01-01
2010,"Sao Paulo","Agosto",1.809,2010-01-01
2005,"Par�","Novembro",4.968,2005-01-01
2014,"Goias","Maio",210,2014-01-01
1999,"Alagoas","Maio",1,1999-01-01
2007,"Espirito Santo","Julho",13,2007-01-01
2006,"Amapa","Novembro",207,2006-01-01
2007,"Maranhao","Dezembro",800,2007-01-01
2008,"Ceara","Fevereiro",12,2008-01-01
2001,"Par�","Abril",0,2001-01-01
2014,"Amazonas","Setembro",3.057,2014-01-01
2007,"Rio","Junho",10,2007-01-01
1998,"Paraiba","Julho",0,1998-01-01
2003,"Paraiba","Dezembro",288,2003-01-01
2013,"Acre","Maio",4,2013-01-01
2009,"Rio","Agosto",91,2009-01-01
2017,"Piau","Agosto",1.572,2017-01-01
2011,"Minas Gerais","Julho",801,2011-01-01
2011,"Roraima","Abril",108,2011-01-01
2003,"Sergipe","Abril",48,2003-01-01
2002,"Minas Gerais","Dezembro",225,2002-01-01
2013,"Goias","Fevereiro",86,2013-01-01
2012,"Distrito Federal","Novembro",0,2012-01-01
1998,"Sergipe","Agosto",0,1998-01-01
2013,"Piau","Dezembro",468,2013-01-01
2015,"Rio","Agosto",158,2015-01-01
2016,"Rio","Maio",1,2016-01-01
2014,"Paraiba","Janeiro",86,2014-01-01
2017,"Rondonia","Janeiro",44,2017-01-01
2003,"Paraiba","Fevereiro",3,2003-01-01
1999,"Rio","Junho",8,1999-01-01
2001,"Amapa","Julho",1,2001-01-01
2002,"Piau","Fevereiro",160,2002-01-01
1999,"Maranhao","Agosto",895,1999-01-01
2002,"Santa Catarina","Junho",0,2002-01-01
2006,"Roraima","Fevereiro",283,2006-01-01
2007,"Rondonia","Setembro",6.832,2007-01-01
2007,"Alagoas","Julho",0,2007-01-01
2002,"Pernambuco","Maio",13,2002-01-01
2016,"Rondonia","Junho",170,2016-01-01
2013,"Espirito Santo","Abril",16,2013-01-01
1999,"Espirito Santo","Abril",2,1999-01-01
2010,"Sao Paulo","Junho",143,2010-01-01
1999,"Santa Catarina","Setembro",101,1999-01-01
2008,"Mato Grosso","Mar�o",97,2008-01-01
2003,"Espirito Santo","Mar�o",28,2003-01-01
2010,"Rondonia","Setembro",4.893,2010-01-01
2006,"Paraiba","Outubro",135,2006-01-01
2013,"Roraima","Junho",6,2013-01-01
2005,"Roraima","Abril",22,2005-01-01
2009,"Alagoas","Janeiro",104,2009-01-01
2010,"Sao Paulo","Dezembro",52,2010-01-01
1998,"Rio","Junho",0,1998-01-01
2007,"Rondonia","Maio",4,2007-01-01
1999,"Alagoas","Setembro",3,1999-01-01
2007,"Sao Paulo","Novembro",50,2007-01-01
2003,"Alagoas","Julho",0,2003-01-01
2003,"Acre","Mar�o",0,2003-01-01
2015,"Mato Grosso","Agosto",1.293,2015-01-01
2002,"Rio","Agosto",48,2002-01-01
2014,"Roraima","Julho",9,2014-01-01
2010,"Mato Grosso","Setembro",18.366,2010-01-01
2002,"Minas Gerais","Junho",207,2002-01-01
2010,"Amapa","Novembro",339,2010-01-01
2009,"Piau","Outubro",913,2009-01-01
2013,"Distrito Federal","Novembro",0,2013-01-01
2008,"Roraima","Maio",8,2008-01-01
2004,"Distrito Federal","Julho",37,2004-01-01
2011,"Goias","Agosto",1.613,2011-01-01
2009,"Tocantins","Agosto",1.124,2009-01-01
2005,"Pernambuco","Mar�o",45,2005-01-01
2017,"Acre","Junho",45,2017-01-01
2016,"Alagoas","Janeiro",24,2016-01-01
2001,"Ceara","Maio",81,2001-01-01
2008,"Maranhao","Maio",26,2008-01-01
2002,"Roraima","Dezembro",199,2002-01-01
2012,"Sergipe","Novembro",6,2012-01-01
2013,"Santa Catarina","Junho",31,2013-01-01
2013,"Espirito Santo","Agosto",53,2013-01-01
2008,"Mato Grosso","Outubro",6.326,2008-01-01
2017,"Paraiba","Julho",2,2017-01-01
2009,"Roraima","Novembro",312,2009-01-01
2008,"Sergipe","Agosto",0,2008-01-01
2008,"Bahia","Mar�o",135,2008-01-01
2011,"Mato Grosso","Julho",250,2011-01-01
2007,"Mato Grosso","Mar�o",137,2007-01-01
2001,"Santa Catarina","Janeiro",11,2001-01-01
2006,"Mato Grosso","Novembro",1.031,2006-01-01
2010,"Piau","Dezembro",357,2010-01-01
2013,"Distrito Federal","Fevereiro",1,2013-01-01
2006,"Alagoas","Julho",0,2006-01-01
2012,"Espirito Santo","Junho",15,2012-01-01
2010,"Acre","Julho",126,2010-01-01
2009,"Bahia","Fevereiro",117,2009-01-01
2003,"Rio","Fevereiro",9,2003-01-01
2015,"Minas Gerais","Julho",288,2015-01-01
2013,"Alagoas","Outubro",25,2013-01-01
2014,"Pernambuco","Agosto",23,2014-01-01
2013,"Pernambuco","Janeiro",55,2013-01-01
1998,"Alagoas","Maio",0,1998-01-01
2007,"Par�","Julho",476,2007-01-01
2015,"Alagoas","Julho",0,2015-01-01
1998,"Acre","Dezembro",7,1998-01-01
2014,"Roraima","Mar�o",494,2014-01-01
2012,"Santa Catarina","Agosto",398,2012-01-01
2002,"Distrito Federal","Novembro",1,2002-01-01
2010,"Paraiba","Abril",2,2010-01-01
2000,"Mato Grosso","Janeiro",44,2000-01-01
2017,"Roraima","Maio",29,2017-01-01
2005,"Paraiba","Novembro",280,2005-01-01
2011,"Mato Grosso","Novembro",445,2011-01-01
1999,"Espirito Santo","Mar�o",8,1999-01-01
2012,"Ceara","Janeiro",273,2012-01-01
2014,"Goias","Abril",138,2014-01-01
2015,"Rio","Maio",21,2015-01-01